RANK,TEAM,GP,W,L,MIN,DEF_RTG,DREB,DREB_PCT,STL,BLK,OPP_PTS_OFF_TOV,OPP_PTS_2ND_CHANCE,OPP_PTS_FB,OPP_PTS_PAINT,SEASON,PLAY
1,Houston Rockets,82,65,17,48.2,103.8,34.5,79.9,8.5,4.8,15.7,11.9,11.9,48,2017-18,reg
2,Toronto Raptors,82,59,23,48.4,103.4,34.2,77.7,7.6,6.1,15,13.2,11.6,45.3,2017-18,reg
3,Golden State Warriors,82,58,24,48.1,104.2,35.1,76.3,8,7.5,18.4,13.7,14.1,47.4,2017-18,reg
4,Boston Celtics,82,55,27,48.3,101.5,35.1,78.4,7.4,4.5,15.5,11.2,10.4,43.8,2017-18,reg
5,Philadelphia 76ers,82,52,30,48.2,102,36.5,78.6,8.3,5.1,18.5,12.2,10.3,41.6,2017-18,reg
6,Cleveland Cavaliers,82,50,32,48.1,109.5,33.7,77.3,7.1,3.8,16.5,12.7,11.3,47,2017-18,reg
7,Portland Trail Blazers,82,49,33,48.2,104.2,35.3,79.1,7,5.2,15,11.6,11.3,42.1,2017-18,reg
8,Indiana Pacers,82,48,34,48.2,105.6,32.7,76.2,8.8,4.1,14.8,12.8,12.3,44.8,2017-18,reg
8,Oklahoma City Thunder,82,48,34,48.4,104.7,32.6,77.4,9.1,5,14.3,12.8,11.2,43.5,2017-18,reg
8,New Orleans Pelicans,82,48,34,48.7,105.6,35.7,76.7,8,5.9,17.2,13.6,14.2,47.7,2017-18,reg
8,Utah Jazz,82,48,34,48.2,101.6,34.2,79.8,8.6,5.1,16.5,10.7,9.5,41.8,2017-18,reg
12,San Antonio Spurs,82,47,35,48.1,102.4,33.9,78.6,7.7,5.6,15,12.2,12.5,44.1,2017-18,reg
12,Minnesota Timberwolves,82,47,35,48.3,108.4,31.6,76.4,8.4,4.2,15.4,12.7,12.9,45.7,2017-18,reg
14,Denver Nuggets,82,46,36,48.5,108.8,33.5,77.5,7.6,4.9,18.7,11.2,13,47.3,2017-18,reg
15,Miami Heat,82,44,38,48.6,104,34.2,79,7.6,5.3,15.8,11.6,10.9,43.5,2017-18,reg
15,Milwaukee Bucks,82,44,38,48.4,107.1,31.5,75.9,8.8,5.4,15.8,13,10.1,47.3,2017-18,reg
17,Washington Wizards,82,43,39,48.4,106.2,33.1,77.1,7.9,4.3,17,13,11,45.4,2017-18,reg
18,LA Clippers,82,42,40,48.1,107.7,33.7,76.1,7.7,4.5,17.6,13.1,15.4,44.8,2017-18,reg
19,Detroit Pistons,82,39,43,48.3,104.8,33.6,78.5,7.7,3.9,14.9,11.2,9.9,43.6,2017-18,reg
20,Charlotte Hornets,82,36,46,48.2,107,35.4,80.7,6.8,4.5,14.8,10.6,10.7,45.2,2017-18,reg
21,Los Angeles Lakers,82,35,47,48.5,105.6,35.7,77.7,7.7,4.7,18.2,13.5,12.7,49,2017-18,reg
22,New York Knicks,82,29,53,48.4,108.4,33.6,76.7,6.7,5.1,17.4,13.2,11.4,43.4,2017-18,reg
23,Brooklyn Nets,82,28,54,48.4,108.5,34.8,77,6.2,4.8,17.3,13.5,11.6,47.8,2017-18,reg
24,Sacramento Kings,82,27,55,48.2,109,31.4,77.6,7.8,4.1,15.7,11.6,12.3,42.2,2017-18,reg
24,Chicago Bulls,82,27,55,48.4,109.1,35,80.6,7.6,3.5,16.3,11.1,11.3,44.5,2017-18,reg
26,Orlando Magic,82,25,57,48.1,107.7,32.8,75.6,7.6,4.9,17,12.8,12.9,48.3,2017-18,reg
27,Dallas Mavericks,82,24,58,48.3,107.4,33.1,78.9,7,3.8,13.9,11.3,14.2,42.2,2017-18,reg
27,Atlanta Hawks,82,24,58,48.1,108.2,32.8,76.2,7.8,4.2,17.9,12.9,13,44.4,2017-18,reg
29,Memphis Grizzlies,82,22,60,48.1,108.4,31,76.5,7.5,4.8,17.3,11.8,14.3,42.1,2017-18,reg
30,Phoenix Suns,82,21,61,48.1,110.6,33.9,76.5,6.9,4.5,18.7,13.1,14.6,47.1,2017-18,reg
1,Golden State Warriors,82,67,15,48.2,101.1,35,74.9,9.6,6.8,16.7,14,14.4,45.4,2016-17,reg
2,San Antonio Spurs,82,61,21,48.3,100.9,33.9,77.6,8,5.9,14.7,12.4,12.6,40.8,2016-17,reg
3,Houston Rockets,82,55,27,48.2,106.4,33.5,75.8,8.2,4.3,17.5,13.8,14.3,49,2016-17,reg
4,Boston Celtics,82,53,29,48.2,105.5,32.9,75.3,7.5,4.1,15.2,13.9,12.2,43.2,2016-17,reg
5,Utah Jazz,82,51,31,48.2,102.7,33.8,78.9,6.7,5,15.2,10.7,10.5,41,2016-17,reg
5,Toronto Raptors,82,51,31,48.2,104.9,32.6,76.3,8.3,4.9,14.9,13.1,11.5,41.7,2016-17,reg
5,Cleveland Cavaliers,82,51,31,48.5,108,34.4,75.8,6.6,4,16.6,13.7,13.3,44.5,2016-17,reg
5,LA Clippers,82,51,31,48.2,105.8,34,76.9,7.5,4.2,15.2,12.7,14.3,42.7,2016-17,reg
9,Washington Wizards,82,49,33,48.4,106.9,32.6,75.5,8.5,4.1,16.4,13.8,12.1,43.9,2016-17,reg
10,Oklahoma City Thunder,82,47,35,48.3,105.1,34.4,79,7.9,5,16.9,12.2,11.1,47.5,2016-17,reg
11,Memphis Grizzlies,82,43,39,48.5,104.5,32,77.5,8,4.2,14.8,11.5,14.6,37.8,2016-17,reg
11,Atlanta Hawks,82,43,39,48.5,103.1,34.1,76.1,8.2,4.8,17.4,13.2,12.8,39.1,2016-17,reg
13,Indiana Pacers,82,42,40,48.4,106.3,33,75.5,8.2,5,16.2,12.9,10.6,39.7,2016-17,reg
13,Milwaukee Bucks,82,42,40,48.2,106.4,31.6,75.4,8.1,5.3,16.2,12.7,11.7,43.7,2016-17,reg
15,Chicago Bulls,82,41,41,48.2,104.5,34.1,76.8,7.8,4.8,15.5,11.9,13.7,45.2,2016-17,reg
15,Portland Trail Blazers,82,41,41,48.6,107.8,33.5,76.8,7,5,15.7,12.6,12.7,42.9,2016-17,reg
15,Miami Heat,82,41,41,48.2,104.1,33,76.4,7.2,5.7,13.9,12.8,10.3,44.5,2016-17,reg
18,Denver Nuggets,82,40,42,48.2,110.5,34.6,78.7,6.9,3.9,18,12.3,14.3,47.4,2016-17,reg
19,Detroit Pistons,82,37,45,48.3,105.3,34.6,81.2,7,3.8,12.7,10.1,10.7,41.2,2016-17,reg
20,Charlotte Hornets,82,36,46,48.4,106.1,34.8,79.6,7,4.8,13.1,11.4,12.9,40.5,2016-17,reg
21,New Orleans Pelicans,82,34,48,48.5,104.9,35.1,76.8,7.8,5.5,15.6,12.4,13.6,44.1,2016-17,reg
22,Dallas Mavericks,82,33,49,48.2,106.3,30.7,77.6,7.5,3.7,14,11.6,13.6,39.5,2016-17,reg
23,Sacramento Kings,82,32,50,48.5,109.1,32.3,76.3,7.6,4,17.4,12.5,14.7,40.7,2016-17,reg
24,Minnesota Timberwolves,82,31,51,48.3,109.1,31,75.9,8,4.5,17.2,13.4,13.9,46.2,2016-17,reg
24,New York Knicks,82,31,51,48.4,108.7,33.2,74.1,7.1,5.5,16.5,14.7,14,46.1,2016-17,reg
26,Orlando Magic,82,29,53,48.3,108,33.3,77.4,7.1,4.8,15.9,13.4,13,46.6,2016-17,reg
27,Philadelphia 76ers,82,28,54,48.4,106.4,33,75.3,8.4,5.1,18.5,13.5,15.3,45.1,2016-17,reg
28,Los Angeles Lakers,82,26,56,48.1,110.6,32.1,75.8,8.2,3.9,18,13.3,16.2,47.4,2016-17,reg
29,Phoenix Suns,82,24,58,48.4,109.3,33.1,76.4,8.2,4.9,18.1,13.5,16,44,2016-17,reg
30,Brooklyn Nets,82,20,62,48.2,108,35.1,76.1,7.2,4.7,19.1,14.3,14,45,2016-17,reg
1,Golden State Warriors,82,73,9,48.5,100.9,36.2,76,8.4,6.1,16.6,13.8,14.5,45.1,2015-16,reg
2,San Antonio Spurs,82,67,15,48.1,96.6,34.5,79.1,8.3,5.9,13.5,10.7,12.1,40.1,2015-16,reg
3,Cleveland Cavaliers,82,57,25,48.4,102.3,33.9,78.5,6.7,3.9,15.6,11.2,11.2,40.8,2015-16,reg
4,Toronto Raptors,82,56,26,48.2,102.7,33.2,77.7,7.8,5.5,14.2,11.6,11,40.1,2015-16,reg
5,Oklahoma City Thunder,82,55,27,48.4,103,35.6,76,7.4,5.9,17.6,13.9,13.2,45.2,2015-16,reg
6,LA Clippers,82,53,29,48.4,100.9,33.3,73.8,8.6,5.6,14.5,13.8,12.4,41.3,2015-16,reg
7,Miami Heat,82,48,34,48.4,101.5,34.3,77.8,6.7,6.5,15.6,13,10.7,42,2015-16,reg
7,Boston Celtics,82,48,34,48.2,100.9,33.3,74.6,9.2,4.2,14.8,14.2,10.8,43,2015-16,reg
7,Charlotte Hornets,82,48,34,48.4,101.8,35,79.8,7.3,5.3,14.1,11.4,12.4,40,2015-16,reg
7,Atlanta Hawks,82,48,34,48.4,98.8,33.8,74.6,9.1,5.9,16,13.1,11.9,40.9,2015-16,reg
11,Indiana Pacers,82,45,37,48.5,100.2,33.9,76,9,4.8,16.3,13,12.2,41.6,2015-16,reg
12,Detroit Pistons,82,44,38,48.5,103.4,33.9,79.3,7,3.7,14.6,10.7,10.4,44.4,2015-16,reg
12,Portland Trail Blazers,82,44,38,48.3,105.6,33.9,76.2,6.9,4.6,16.3,12.4,11.1,40.9,2015-16,reg
14,Dallas Mavericks,82,42,40,48.8,104.3,33.9,76.2,6.8,3.7,14.8,13.4,16,40.9,2015-16,reg
14,Chicago Bulls,82,42,40,48.5,103.9,35.2,74.9,6,5.7,16,14.3,13.8,44.4,2015-16,reg
14,Memphis Grizzlies,82,42,40,48.4,105.4,30.5,75.1,8.8,4.3,15.1,11.8,14.6,38.5,2015-16,reg
17,Houston Rockets,82,41,41,48.4,105.6,31.7,72.8,10,5.2,19.5,14.7,14.4,44.6,2015-16,reg
17,Washington Wizards,82,41,41,48.2,103.6,32.8,77.7,8.6,3.9,15.7,11.7,12.7,41.2,2015-16,reg
19,Utah Jazz,82,40,42,48.7,101.6,32.5,77.7,7.7,5.2,16,11.5,11.7,39.6,2015-16,reg
20,Orlando Magic,82,35,47,48.5,104.6,33,76.5,8.2,5.1,16,11.4,13.2,43.5,2015-16,reg
21,Milwaukee Bucks,82,33,49,48.4,105.7,31.2,73.1,8.2,5.8,17.7,14.1,13,44,2015-16,reg
21,Denver Nuggets,82,33,49,48.4,106.4,33.1,77.3,7.4,4.8,16.8,12.1,13,43.1,2015-16,reg
21,Sacramento Kings,82,33,49,48.3,106.3,33.7,74.9,8.9,4.5,18.6,13.6,15,43.6,2015-16,reg
24,New York Knicks,82,32,50,48.3,104.8,34,75.8,5.7,5.7,15.4,12.7,12.8,43.1,2015-16,reg
25,New Orleans Pelicans,82,30,52,48.2,107.3,33.1,78.8,7.7,4.2,15,11.3,11.7,43.2,2015-16,reg
26,Minnesota Timberwolves,82,29,53,48.5,107.1,31.5,74.7,8,4.6,17.8,13.2,13.4,46.1,2015-16,reg
27,Phoenix Suns,82,23,59,48.1,107,33.3,77.1,7.7,3.8,20.2,12.6,17.3,43.8,2015-16,reg
28,Brooklyn Nets,82,21,61,48.2,108.5,31.9,75.7,7.6,4,18.3,12.1,14.5,47.9,2015-16,reg
29,Los Angeles Lakers,82,17,65,48.1,109.3,32.3,74.7,7.2,4.1,16.5,14.3,17,47.8,2015-16,reg
30,Philadelphia 76ers,82,10,72,48.3,106.7,31.8,74,8.3,6,20,14.7,16.7,45.6,2015-16,reg
1,Golden State Warriors,82,67,15,48.1,98.2,34.3,74.5,9.3,6,15.2,14.2,13.9,41.6,2014-15,reg
2,Atlanta Hawks,82,60,22,48.1,100.7,31.8,73.4,9.1,4.6,15.7,14.2,11.2,39.4,2014-15,reg
3,Houston Rockets,82,56,26,48.3,100.5,32,72.9,9.5,5,18.3,14,15.3,44.1,2014-15,reg
3,Los Angeles Clippers,82,56,26,48.1,103,33.1,75.7,7.8,5,14.9,12.8,12.3,38.8,2014-15,reg
5,Memphis Grizzlies,82,55,27,48.5,99.9,32.1,75.3,8.5,4.2,14.1,11.6,13.4,39,2014-15,reg
5,San Antonio Spurs,82,55,27,48.7,99.6,33.8,77.3,8,5.4,15.1,11.9,14.1,42.5,2014-15,reg
7,Cleveland Cavaliers,82,53,29,48.2,104.1,31.9,74.7,7.4,4.1,16.2,12.4,11.8,42.7,2014-15,reg
8,Portland Trail Blazers,82,51,31,48.4,101.4,35.1,76.2,6.4,4.5,15.1,13.8,13.3,43.1,2014-15,reg
9,Chicago Bulls,82,50,32,48.5,101.5,34,74.4,6.3,5.8,15.3,13.2,13,40.8,2014-15,reg
9,Dallas Mavericks,82,50,32,48.5,103.7,31.8,72.2,8.1,4.5,15.2,14,15.9,40.9,2014-15,reg
11,Toronto Raptors,82,49,33,48.4,104.8,30.8,73.3,7.5,4.4,15,14.2,12.4,43.7,2014-15,reg
12,Washington Wizards,82,46,36,48.7,100,34.2,77.3,7.3,4.6,16.3,12.6,11.7,38.3,2014-15,reg
13,New Orleans Pelicans,82,45,37,48.2,104.7,32,75.1,6.7,6.2,14.8,12.9,13.7,46.5,2014-15,reg
13,Oklahoma City Thunder,82,45,37,48.4,103.1,34.7,75.6,7.3,5.5,16.5,12.8,12.5,42.8,2014-15,reg
15,Milwaukee Bucks,82,41,41,48.6,99.3,31.4,73.3,9.6,4.9,16.8,13.3,10.7,39.8,2014-15,reg
16,Boston Celtics,82,40,42,48.5,102.1,32.7,75,8.2,3.6,16.2,13.5,10.9,44.6,2014-15,reg
17,Phoenix Suns,82,39,43,48.5,103.4,32.2,73.5,8.5,4.7,17.2,14.4,15.2,45.3,2014-15,reg
18,Indiana Pacers,82,38,44,48.4,100.9,34.4,77.9,6.2,4.6,15.5,11.8,13,38.3,2014-15,reg
18,Utah Jazz,82,38,44,48.1,102.1,31.9,76.3,7.6,6,17.4,12.5,12.6,39.5,2014-15,reg
18,Brooklyn Nets,82,38,44,48.6,105,32,73.7,7,4.1,15.6,14,13.8,43.6,2014-15,reg
21,Miami Heat,82,37,45,48.1,103.8,30,73.4,7.8,4.5,16.9,13.3,11.4,41,2014-15,reg
22,Charlotte Hornets,82,33,49,48.5,101,34.1,79.3,6.1,5.5,12.8,12.6,11,38.5,2014-15,reg
23,Detroit Pistons,82,32,50,48.4,104.2,32.1,75,7.6,4.7,15.8,13.5,11.3,43,2014-15,reg
24,Denver Nuggets,82,30,52,48.5,105.5,32.4,74.7,7.8,4.5,16.4,14.1,13.2,42.9,2014-15,reg
25,Sacramento Kings,82,29,53,48.4,106.5,33.3,75.2,6.7,4,18.6,13.6,16.8,43.9,2014-15,reg
26,Orlando Magic,82,25,57,48.2,105.2,31.8,76,7.9,3.8,16.9,11.7,12.3,41,2014-15,reg
27,Los Angeles Lakers,82,21,61,48.6,108,32.3,76.3,7,4.5,15.9,12.5,15.1,45.1,2014-15,reg
28,Philadelphia 76ers,82,18,64,48.3,102.1,30.9,73,9.6,5.9,20.6,14,14.6,41.7,2014-15,reg
29,New York Knicks,82,17,65,48.4,107.2,29.8,73.1,7,4.7,17.1,12.5,12.3,41.1,2014-15,reg
30,Minnesota Timberwolves,82,16,66,48.3,109.6,29.3,71.6,8.1,4,17.4,14.9,14.3,48,2014-15,reg
1,San Antonio Spurs,82,62,20,48.2,100.1,34,76.4,7.4,5.1,16.3,12.7,12.8,42.2,2013-14,reg
2,Oklahoma City Thunder,82,59,23,48.3,101,33.9,75.6,8.3,6.1,17.3,12.3,12.8,39.7,2013-14,reg
3,Los Angeles Clippers,82,57,25,48.2,102.1,32.5,72.5,8.6,4.8,15.6,14.2,11.1,44.6,2013-14,reg
4,Indiana Pacers,82,56,26,48.2,96.7,34.5,76.8,6.7,5.4,15.4,11.7,11.7,35.7,2013-14,reg
5,Miami Heat,82,54,28,48.5,102.9,29.2,73,8.9,4.5,17.4,13.3,12,41.1,2013-14,reg
5,Portland Trail Blazers,82,54,28,48.4,104.7,34,74.7,5.5,4.7,15.6,14,13.3,45.6,2013-14,reg
5,Houston Rockets,82,54,28,48.4,103.1,34.1,74.1,7.6,5.6,18,14.6,13.8,44,2013-14,reg
8,Golden State Warriors,82,51,31,48.4,99.9,34.4,76.3,7.8,5,17,13,13.3,40.7,2013-14,reg
9,Memphis Grizzlies,82,50,32,48.3,102.1,30.8,75.7,7.7,4.6,15.6,11.5,13.4,38.6,2013-14,reg
10,Dallas Mavericks,82,49,33,48.4,105.9,30.7,72.7,8.6,4.3,16.2,13.5,15.6,43.6,2013-14,reg
11,Toronto Raptors,82,48,34,48.7,102.4,31.1,74.9,7,4.2,16.8,13.1,12.1,42.9,2013-14,reg
11,Chicago Bulls,82,48,34,48.6,97.8,32.7,75.4,7.2,5.2,15.6,11.7,12.4,37,2013-14,reg
11,Phoenix Suns,82,48,34,48.2,103.8,31.7,73.7,8.4,4.6,16.9,14.3,14.1,45.5,2013-14,reg
14,Washington Wizards,82,44,38,48.9,102.4,31.4,75.7,8.1,4.6,16.8,12.9,12.3,41.9,2013-14,reg
14,Brooklyn Nets,82,44,38,48.5,104.9,29.4,72.3,8.6,3.8,16.6,12.8,13,41.1,2013-14,reg
16,Charlotte Bobcats,82,43,39,48.5,101.2,33.2,77.6,6.1,5.1,14,12.6,10.2,38.8,2013-14,reg
17,Minnesota Timberwolves,82,40,42,48.4,104.1,32.2,74.4,8.8,3.6,15.9,12.9,16.3,46.1,2013-14,reg
18,Atlanta Hawks,82,38,44,48.4,104.1,31.3,74.4,8.3,4,17.3,13.2,12.4,42.5,2013-14,reg
19,New York Knicks,82,37,45,48.4,106.5,29.7,74.3,7.7,4.5,15,12.7,11.7,39.5,2013-14,reg
20,Denver Nuggets,82,36,46,48.2,105.4,33.1,74.5,7.5,5.6,17.6,14.1,13.5,45.3,2013-14,reg
21,New Orleans Pelicans,82,34,48,48.4,107.3,30.3,73.8,7.9,6.4,16.1,12.9,13.5,43.8,2013-14,reg
22,Cleveland Cavaliers,82,33,49,48.6,104.8,32.1,75.8,7.1,3.7,16.6,12.6,12.1,38.9,2013-14,reg
23,Detroit Pistons,82,29,53,48.2,107.3,30.8,73.4,8.4,4.8,16.9,14,14.1,44.3,2013-14,reg
24,Sacramento Kings,82,28,54,48.4,106.3,32.4,76.6,7.2,3.9,17.1,11.9,15.3,41.9,2013-14,reg
25,Los Angeles Lakers,82,27,55,48.1,107.9,32,71,7.5,5.4,18.3,15.8,16.7,49.2,2013-14,reg
26,Utah Jazz,82,25,57,48.2,109.1,30.2,74.5,7,4.5,17.4,12.3,15.6,45.8,2013-14,reg
26,Boston Celtics,82,25,57,48.1,105.2,30.5,74.2,7.1,4.2,16.5,13.8,13.3,44.8,2013-14,reg
28,Orlando Magic,82,23,59,48.7,104.8,32.4,75.5,7.7,4.3,16.7,13,13.2,39.9,2013-14,reg
29,Philadelphia 76ers,82,19,63,48.4,107.5,31.2,72.4,9.3,4,19.2,14.1,16.6,44.2,2013-14,reg
30,Milwaukee Bucks,82,15,67,48.5,108.9,29.3,71.4,6.6,4.9,17.8,13.2,12.9,42.4,2013-14,reg
1,Miami Heat,82,66,16,48.5,100.5,30.4,73,8.7,5.4,15.7,14.7,11.9,39.9,2012-13,reg
2,Oklahoma City Thunder,82,60,22,48.4,99.2,33.2,73.4,8.3,7.6,16.7,13.6,12.5,40.7,2012-13,reg
3,San Antonio Spurs,82,58,24,48.5,99.2,33.2,74.9,8.5,5.4,16.4,12.5,14.2,40,2012-13,reg
4,Denver Nuggets,82,57,25,48.5,102,31.7,71.8,9.3,6.5,17.3,14.9,12.2,40.7,2012-13,reg
5,Memphis Grizzlies,82,56,26,48.3,97.4,29.8,74.3,8.6,5.3,14.9,11.9,12.4,38,2012-13,reg
5,Los Angeles Clippers,82,56,26,48.1,101,30.2,73.5,9.6,5.6,16,13,12.3,37.2,2012-13,reg
7,New York Knicks,82,54,28,48.1,103.5,29.7,74.7,8.2,3.6,13.5,12.4,12.1,39.7,2012-13,reg
8,Brooklyn Nets,82,49,33,48.4,103.6,30,73.7,7.3,4.8,16.9,12.4,13.9,43.4,2012-13,reg
8,Indiana Pacers,81,49,32,48.4,96.6,33,74.6,7.2,6.3,16,13,10.1,35.5,2012-13,reg
10,Golden State Warriors,82,47,35,48.3,102.6,34.2,75.5,6.9,4.2,17.3,13.9,13.8,40.4,2012-13,reg
11,Chicago Bulls,82,45,37,48.4,100.3,30.7,73.6,7.2,5.1,15.4,12.7,13.1,39.3,2012-13,reg
11,Houston Rockets,82,45,37,48.2,103.5,32.3,75.2,8.3,4.4,18.4,12.6,14.2,41.9,2012-13,reg
11,Los Angeles Lakers,82,45,37,48.2,103.6,33.3,74.3,7,5.2,16.7,13.8,15.9,44.1,2012-13,reg
14,Atlanta Hawks,82,44,38,48.4,101.8,31.6,73.6,8.1,4.5,16.7,13.2,12,41,2012-13,reg
15,Utah Jazz,82,43,39,48.5,104.3,30,73.2,8.4,6.3,16.9,12.5,13.4,42.6,2012-13,reg
16,Dallas Mavericks,82,41,41,48.7,104,32.6,73.1,7.9,5.5,17.1,13.6,14,41.1,2012-13,reg
16,Boston Celtics,81,41,40,49,100.4,31.3,73.3,8.2,4.5,16.9,14.3,12.1,42.7,2012-13,reg
18,Milwaukee Bucks,82,38,44,48.4,102.3,30.9,71.3,8.4,6.7,16.8,14.6,15.1,46.2,2012-13,reg
19,Philadelphia 76ers,82,34,48,48.2,103,30.4,73.4,7.4,4.7,14.5,12.2,12.5,40.2,2012-13,reg
19,Toronto Raptors,82,34,48,48.7,104.7,29.6,73.4,7.3,4.8,15.5,13.2,11.9,42.5,2012-13,reg
21,Portland Trail Blazers,82,33,49,48.4,106.9,30.2,73.3,6.6,4.3,17.2,13.4,14.6,47.4,2012-13,reg
22,Minnesota Timberwolves,82,31,51,48.1,102.9,30.2,74,8.5,4.7,16.5,12.7,14,42.3,2012-13,reg
23,Detroit Pistons,82,29,53,48.3,105.6,30,73,7,4.9,17.8,13.5,13.5,42.9,2012-13,reg
23,Washington Wizards,82,29,53,48.4,100.6,32.3,74.6,7.3,4.6,16.8,12.6,12,38.1,2012-13,reg
25,Sacramento Kings,82,28,54,48.4,108.6,29.1,71,8.2,4.2,17.6,14.2,16.7,45.2,2012-13,reg
26,New Orleans Hornets,82,27,55,48.2,107.6,29.6,74.4,6.3,5.4,17.3,12.8,13.2,43.2,2012-13,reg
27,Phoenix Suns,82,25,57,48.3,105.7,29.9,71.9,8,5.3,18.6,13.5,14.9,45.6,2012-13,reg
28,Cleveland Cavaliers,82,24,58,48.1,106.9,28.8,72.6,7.9,4.1,16.2,13.7,13.1,42.5,2012-13,reg
29,Charlotte Bobcats,82,21,61,48.3,108.9,29.1,71.1,7.2,5.8,17,14,13.8,43.9,2012-13,reg
30,Orlando Magic,82,20,62,48.2,106.7,31.9,74.6,6.4,4.4,16.8,12.7,12.6,42.8,2012-13,reg
1,Chicago Bulls,66,50,16,48.3,95.3,32.8,74.3,6.9,5.9,15.4,11.9,12.1,38.2,2011-12,reg
1,San Antonio Spurs,66,50,16,48.3,100.6,32.6,76,7.4,4.4,15.2,11.1,14,40.5,2011-12,reg
3,Oklahoma City Thunder,66,47,19,48.5,100,32.7,72.1,7.5,8.2,16.7,14.7,12.3,42.4,2011-12,reg
4,Miami Heat,66,46,20,48.6,97.1,31.2,73.9,8.9,5.4,16.6,13.1,11.9,36.6,2011-12,reg
5,Indiana Pacers,66,42,24,48.5,100.4,31.4,72.3,7.9,5.4,15.1,13,12.5,38.1,2011-12,reg
6,Memphis Grizzlies,66,41,25,48.3,98.9,29.5,72.7,9.6,5.2,16,12.5,12.1,40.3,2011-12,reg
6,Los Angeles Lakers,66,41,25,48.7,101.7,34.1,74.8,5.9,5.3,16.6,12.7,15.1,40.4,2011-12,reg
8,Atlanta Hawks,66,40,26,49,98.6,31.3,74.4,8.1,4.6,16,12.6,12,40.5,2011-12,reg
8,Los Angeles Clippers,66,40,26,48.4,102.9,29.4,73.2,8.4,4.8,15.1,12.9,12.3,38.6,2011-12,reg
10,Boston Celtics,66,39,27,48.3,95.5,31.1,72.4,7.5,5.5,16.2,13.6,11.5,39.8,2011-12,reg
11,Denver Nuggets,66,38,28,48.6,103.4,31.9,74.3,8.2,5,17.3,12.6,12.2,39.5,2011-12,reg
12,Orlando Magic,66,37,29,48.4,101.7,31.2,75.5,6.8,4.2,16.2,11.8,10.9,37.4,2011-12,reg
13,Utah Jazz,66,36,30,49,103.6,31.1,73.8,8.3,5.8,15.3,12.2,14.4,42.3,2011-12,reg
13,Dallas Mavericks,66,36,30,48.7,99.7,32.7,74.8,8.6,5.1,15.8,12.3,14.4,38.9,2011-12,reg
13,New York Knicks,66,36,30,48.3,98.4,30.5,73.7,9.4,4.2,17.8,12.6,12.4,38.9,2011-12,reg
16,Philadelphia 76ers,66,35,31,48.2,96.6,32.5,75.2,8,5.2,11.6,11.7,10.2,36.4,2011-12,reg
17,Houston Rockets,66,34,32,48.7,102.1,30.5,73.4,7.5,4.8,16.7,13.3,13.7,44.5,2011-12,reg
18,Phoenix Suns,66,33,33,48,103.8,30.8,71.7,6.5,5.5,15.2,14.2,12.6,43.4,2011-12,reg
19,Milwaukee Bucks,66,31,35,48.1,102.4,30,70.9,8.3,5.1,16.5,13.8,13.4,41.4,2011-12,reg
20,Portland Trail Blazers,66,28,38,48.4,103.7,29.5,72.8,8,4.9,16,13.4,14.3,42.2,2011-12,reg
21,Minnesota Timberwolves,66,26,40,48.3,103.6,31.7,73,6.6,4.4,18.4,14,15.8,44.1,2011-12,reg
22,Detroit Pistons,66,25,41,48.4,104,28.5,72.8,7,4.2,18.4,12.2,14,40.1,2011-12,reg
23,Golden State Warriors,66,23,43,48.2,106,29.5,69.1,8,5.5,16.2,15.3,14.4,43.1,2011-12,reg
23,Toronto Raptors,66,23,43,48.4,101.5,31.4,75.4,6.5,4.9,15.4,12.4,12.5,37.6,2011-12,reg
25,New Jersey Nets,66,22,44,48.2,106.9,28.5,70.7,7.5,3.9,17.7,13.6,14.8,44.2,2011-12,reg
25,Sacramento Kings,66,22,44,48.2,106.8,29.5,70.5,8.5,4.9,17.8,14.4,17.1,48.2,2011-12,reg
27,Cleveland Cavaliers,66,21,45,48.4,106,29.5,72.2,7.1,4,16.9,14.5,11.7,43.6,2011-12,reg
27,New Orleans Hornets,66,21,45,48.3,102.3,30.2,73.1,7.4,4.8,17.7,13.3,12.9,40.9,2011-12,reg
29,Washington Wizards,66,20,46,48.1,103.8,29.9,70.9,8,6.3,18.2,14.5,14.5,40.7,2011-12,reg
30,Charlotte Bobcats,66,7,59,48.2,107.8,28.7,70.9,6,5.5,17.2,15.4,16,48.3,2011-12,reg
1,Chicago Bulls,82,62,20,48.4,97.4,32.4,76.2,7.2,5.7,15.4,11.9,13,36.2,2010-11,reg
2,San Antonio Spurs,82,61,21,48.2,102.8,31.7,74.6,7.3,4.5,15.3,13.2,14,41.2,2010-11,reg
3,Miami Heat,82,58,24,48.2,100.7,32.5,75.5,6.6,5.2,15.5,12.8,13,38.6,2010-11,reg
4,Dallas Mavericks,82,57,25,48.1,102.3,31.9,74.8,6.8,4.3,15.4,12.6,13.9,42,2010-11,reg
4,Los Angeles Lakers,82,57,25,48.4,101.3,31.9,72.3,7.3,5.1,14.7,13.8,13.7,39.9,2010-11,reg
6,Boston Celtics,82,56,26,48.2,97.8,31,74.7,8.2,4.2,15.1,12.5,11.2,37,2010-11,reg
7,Oklahoma City Thunder,82,55,27,48.8,104,31.8,73.6,8,5.9,15.4,14.4,12.3,44.9,2010-11,reg
8,Orlando Magic,82,52,30,48.4,99.1,32.7,76.9,6.7,4.7,16.5,11.5,10.7,35.4,2010-11,reg
9,Denver Nuggets,82,50,32,48.1,104.8,32.3,75.4,7.4,4.3,15.6,13.2,12.2,41.2,2010-11,reg
10,Portland Trail Blazers,82,48,34,48.3,104.2,27.2,72,8,4.4,15,13.3,11.4,40.2,2010-11,reg
11,Memphis Grizzlies,82,46,36,48.5,102.5,29.2,72.5,9.4,5.4,15.3,12.7,15,40.3,2010-11,reg
11,New Orleans Hornets,82,46,36,48.4,102.5,30.1,76.2,7.6,4.4,14.6,10.5,11.7,38.1,2010-11,reg
13,Atlanta Hawks,82,44,38,48.1,104.6,30,74.6,6.1,4.2,15.2,12.8,14.1,40.5,2010-11,reg
14,Houston Rockets,82,43,39,48.5,106.2,31.1,72.7,7.1,4.5,15.2,14.3,14.7,45.9,2010-11,reg
15,New York Knicks,82,42,40,48.2,106.9,30.1,71.9,7.6,5.8,16.1,14.5,12.7,46,2010-11,reg
16,Philadelphia 76ers,82,41,41,48.6,102.5,31.4,74.5,7.6,4.3,14.7,12.2,13.3,41,2010-11,reg
17,Phoenix Suns,82,40,42,48.8,107.4,30.2,71.6,6.6,4.4,16.8,14.1,14,43.8,2010-11,reg
18,Utah Jazz,82,39,43,48.5,107.3,28.5,71.7,7.7,5.9,16.6,12.9,13.1,40.3,2010-11,reg
19,Indiana Pacers,82,37,45,48.2,103.4,32.4,74.1,7.1,5.6,17.1,12.9,13.3,39,2010-11,reg
20,Golden State Warriors,82,36,46,48.4,107.6,28.9,69.3,9,5,17.6,14.4,19.3,45.5,2010-11,reg
21,Milwaukee Bucks,82,35,47,48.4,99.9,30.2,74.8,7.5,4.9,14.8,11.9,12.1,37.5,2010-11,reg
22,Charlotte Bobcats,82,34,48,48.3,104.8,29.8,75.2,6.4,5.3,16.5,12.8,14.3,39.8,2010-11,reg
23,Los Angeles Clippers,82,32,50,48.4,106.3,30.5,73.2,7.1,4.9,19.1,13.2,14.2,41,2010-11,reg
24,Detroit Pistons,82,30,52,48.5,109,27.3,72.1,7.3,4,16.3,13.9,15.7,44,2010-11,reg
25,New Jersey Nets,82,24,58,48.8,107,29.8,74.2,5.6,4.7,15.9,13,13.3,41.5,2010-11,reg
25,Sacramento Kings,82,24,58,48.4,106.3,30.8,74.4,7.4,4.8,18.9,12.8,17.8,46,2010-11,reg
27,Washington Wizards,82,23,59,48.6,107.2,29,70.5,8.1,6.1,18.1,14,16.6,44.1,2010-11,reg
28,Toronto Raptors,82,22,60,48.2,110,28.6,72,7.1,4.3,17.7,13.9,16.7,47.4,2010-11,reg
29,Cleveland Cavaliers,82,19,63,48.2,109.1,29.9,73.3,6.6,4.2,15.8,13.2,14.2,42.2,2010-11,reg
30,Minnesota Timberwolves,82,17,65,48.2,108.3,31.2,73.7,7.2,5.1,20,14.2,17.1,41.8,2010-11,reg
1,Cleveland Cavaliers,82,61,21,48.2,101.5,32.8,77.2,6.9,5.2,15.6,11.7,13.2,36.8,2009-10,reg
2,Orlando Magic,82,59,23,48.1,100.2,33.4,77.4,6.2,5.6,16.3,11.7,11.2,36.6,2009-10,reg
3,Los Angeles Lakers,82,57,25,48.4,101.1,32.5,74.4,7.5,4.9,15.2,12.9,12.8,40.7,2009-10,reg
4,Dallas Mavericks,82,55,27,48.5,103.2,31.5,73.7,7.6,5.5,15,12.9,13.4,41.7,2009-10,reg
5,Phoenix Suns,82,54,28,48.1,106.9,31.9,70.8,5.8,5.1,17.2,16.1,15.3,43.8,2009-10,reg
6,Atlanta Hawks,82,53,29,48.4,104,29.9,72.7,7.2,5,13.6,14,15.9,42.9,2009-10,reg
6,Denver Nuggets,82,53,29,48.2,104.7,30.5,72.4,8.3,5.1,16.5,14,13.9,42.6,2009-10,reg
6,Utah Jazz,82,53,29,48.2,102.9,31.6,75.6,8.2,4.9,17.1,12.2,15,40,2009-10,reg
9,San Antonio Spurs,82,50,32,48.2,102,32,76.3,6.3,4.6,15.7,12.6,14.7,41,2009-10,reg
9,Oklahoma City Thunder,82,50,32,48.3,101.6,31.8,73.6,8,5.9,16.3,14.3,12.5,44,2009-10,reg
9,Boston Celtics,82,50,32,48.2,101.1,29.9,73.8,8.5,4.9,16.1,12.8,11.6,38.2,2009-10,reg
9,Portland Trail Blazers,82,50,32,48.4,104,29.1,74.8,6.4,4.3,14.1,12.9,11.2,40.9,2009-10,reg
13,Miami Heat,82,47,35,48.5,100.9,31.1,74.9,7.4,5.6,13.8,12.6,11.4,37,2009-10,reg
14,Milwaukee Bucks,82,46,36,48.7,100.9,31.2,76.4,7.1,4.7,14.8,11.1,12.8,37.5,2009-10,reg
15,Charlotte Bobcats,82,44,38,48.5,100.2,30.4,74.2,7.7,5.4,16.9,12.7,12.8,39.6,2009-10,reg
16,Houston Rockets,82,42,40,48.5,105.5,30.1,73.8,7.1,3.9,16.4,13.4,14.1,45.6,2009-10,reg
17,Chicago Bulls,82,41,41,48.5,102.6,33.1,74.8,6.5,5.8,15.5,12.9,13.3,39.7,2009-10,reg
18,Memphis Grizzlies,82,40,42,48.5,107.6,30.4,73.3,7.9,4.9,18.8,13.2,18,47.7,2009-10,reg
18,Toronto Raptors,82,40,42,48.2,110.2,30.6,72.9,5.7,4.7,15.6,13.5,17.2,42.4,2009-10,reg
20,New Orleans Hornets,82,37,45,48.4,107.3,29.9,73.8,7.6,3.7,15.9,13.4,14.4,45.2,2009-10,reg
21,Indiana Pacers,82,32,50,48.1,104.2,31.9,73,7.1,5.4,17.4,14,13.5,39.3,2009-10,reg
22,New York Knicks,82,29,53,48.5,109.1,30.2,72.1,7.1,3.7,15.9,14.1,12.7,47.2,2009-10,reg
22,Los Angeles Clippers,82,29,53,48.1,107.1,30.5,74,6.5,5.7,18.8,13.5,13.6,43.5,2009-10,reg
24,Philadelphia 76ers,82,27,55,48.3,107.6,29.5,73.2,8.1,5.4,16.4,12.7,13.7,42.5,2009-10,reg
24,Detroit Pistons,82,27,55,48.2,108.9,27.3,73.4,7.3,3.8,16.2,13,14.1,38.6,2009-10,reg
26,Golden State Warriors,82,26,56,48.1,109.4,29.2,68.5,9.3,4.1,17.9,16,18.2,48.4,2009-10,reg
26,Washington Wizards,82,26,56,48.4,106.7,30,72.4,6,5.1,17.1,13.5,13.8,41.6,2009-10,reg
28,Sacramento Kings,82,25,57,48.5,107.2,30.7,73.5,6.9,4.5,16.8,13.8,15,45,2009-10,reg
29,Minnesota Timberwolves,82,15,67,48.2,109.3,31.2,73.6,7.3,3.7,19.6,13.4,17.9,44.6,2009-10,reg
30,New Jersey Nets,82,12,70,48.2,108,28.8,71.8,7,4.8,16.6,13.9,16.5,44.9,2009-10,reg
1,Cleveland Cavaliers,82,66,16,48.2,99.4,31.4,74.6,7.2,5.3,14.7,12,12.6,37.1,2008-09,reg
2,Los Angeles Lakers,82,65,17,48.2,101.9,31.5,73,8.8,5.1,15.1,13.3,11.5,41.7,2008-09,reg
3,Boston Celtics,82,62,20,48.5,99.4,31.5,75.6,7.6,4.7,17.5,11,10.6,36.1,2008-09,reg
4,Orlando Magic,82,59,23,48.1,98.9,33.3,75.9,7,5.4,15,12.5,11.2,35.7,2008-09,reg
5,Denver Nuggets,82,54,28,48.1,103.5,30.6,71.7,8.7,6,16.8,14.3,11.6,39,2008-09,reg
5,Portland Trail Blazers,82,54,28,48.4,104.5,28.8,75,6.7,4.9,14.1,12.1,10.3,38.4,2008-09,reg
5,San Antonio Spurs,82,54,28,48.5,102,32.2,78,5.8,4,13.2,10.8,12.1,37,2008-09,reg
8,Houston Rockets,82,53,29,48.3,101.4,32.5,75.3,6.7,4.3,15.7,11.7,11.7,38,2008-09,reg
9,Dallas Mavericks,82,50,32,48.3,105.3,31.6,74.6,7.2,5.2,14.8,13,13.3,38.9,2008-09,reg
10,New Orleans Hornets,82,49,33,48.2,104.1,29.9,74.9,7.2,4.1,13.9,11.7,11.2,35.8,2008-09,reg
11,Utah Jazz,82,48,34,48.5,104.7,29.5,72.7,8.8,4.6,16.6,13.6,13.3,43.3,2008-09,reg
12,Atlanta Hawks,82,47,35,48.1,104.6,29.4,71.6,7.4,4.6,14,13.3,12.5,40.8,2008-09,reg
13,Phoenix Suns,82,46,36,48.2,108.5,30.7,71.7,7.2,5.1,18.6,15.4,13.2,39.8,2008-09,reg
14,Miami Heat,82,43,39,48.7,104.7,29.4,72.9,7.9,5.5,14.7,13,11.4,39.1,2008-09,reg
15,Chicago Bulls,82,41,41,48.6,105.8,30.3,70.9,7.5,5.5,16.9,15.4,12.7,43.3,2008-09,reg
15,Philadelphia 76ers,82,41,41,48.2,104.7,28.5,71.4,8,5.1,16.3,13.3,11.1,39.8,2008-09,reg
17,Detroit Pistons,82,39,43,48.5,105.2,29.9,74,6,4.6,13.1,11.7,10.4,37.6,2008-09,reg
18,Indiana Pacers,82,36,46,48.4,106.5,32.5,74.5,7,5.3,17,12.6,12.5,37.8,2008-09,reg
19,Charlotte Bobcats,82,35,47,48.6,103.4,28.9,73,7.1,4.8,16.6,13.4,10.6,37.6,2008-09,reg
20,New Jersey Nets,82,34,48,48.4,108.2,29.5,73.5,6.8,4.8,15.6,13.1,13.2,38.4,2008-09,reg
20,Milwaukee Bucks,82,34,48,48.2,104.9,28.9,74,7.4,3.8,16.6,12.9,11.9,36.2,2008-09,reg
22,Toronto Raptors,82,33,49,48.3,107.1,30.6,73.7,6.4,4.8,15.6,13.4,11.5,40.6,2008-09,reg
23,New York Knicks,82,32,50,48.3,108.4,31,72.7,7.4,2.5,16.7,13.7,12.9,45.7,2008-09,reg
24,Golden State Warriors,82,29,53,48.5,110.1,30.4,68.1,7.8,6.4,18,17.1,16.8,48.6,2008-09,reg
25,Minnesota Timberwolves,82,24,58,48.3,109.1,29.8,75,6.2,3.9,16.5,12.1,13,39.8,2008-09,reg
25,Memphis Grizzlies,82,24,58,48.3,106.8,28.5,73.5,7.5,4.7,16.1,12.7,12.3,41.7,2008-09,reg
27,Oklahoma City Thunder,82,23,59,48.3,106.9,30.5,73.9,7.4,4.5,19,13,14,44.7,2008-09,reg
28,Los Angeles Clippers,82,19,63,48.5,108.8,29,71.2,7,5.9,16.8,14.6,11.9,44.5,2008-09,reg
28,Washington Wizards,82,19,63,48.1,111.2,28.4,71.4,7.5,4.5,17.4,13.2,13.7,40,2008-09,reg
30,Sacramento Kings,82,17,65,48.5,111.9,28.9,69.9,6.9,4.3,18.7,13.9,14.3,45.6,2008-09,reg
1,Boston Celtics,82,66,16,48.2,96.2,31.9,74.4,8.5,4.6,16.2,12.5,9.1,34.1,2007-08,reg
2,Detroit Pistons,82,59,23,48.1,100,29.5,73.7,7.1,5.8,11.8,11.5,9.6,35.3,2007-08,reg
3,Los Angeles Lakers,82,57,25,48.2,102.8,33.2,73.4,8,5.3,15.8,14.3,11.9,41.2,2007-08,reg
4,San Antonio Spurs,82,56,26,48.1,99.5,31.9,77.1,6.4,4.1,14,10.5,11.5,35.6,2007-08,reg
4,New Orleans Hornets,82,56,26,48.3,102.9,30.4,75.4,7.8,3.9,12.5,11.3,11.3,38.2,2007-08,reg
6,Houston Rockets,82,55,27,48.1,98.8,32.4,74.8,7.3,5.1,14.4,12.7,12.9,35.8,2007-08,reg
6,Phoenix Suns,82,55,27,48.2,104.9,32.7,70.9,6.5,6.3,16.1,15.4,12.2,44.8,2007-08,reg
8,Utah Jazz,82,54,28,48.1,104,29.4,74.1,8.7,4.3,16.2,12.8,13.6,39.7,2007-08,reg
9,Orlando Magic,82,52,30,48.2,102.7,32.6,74.8,6.3,4.1,16.1,12.7,12.5,37.4,2007-08,reg
10,Dallas Mavericks,82,51,31,48.1,103.1,32.2,75,6,4.9,13.9,12.9,12.8,39.2,2007-08,reg
11,Denver Nuggets,82,50,32,48.4,103.2,32.9,72.1,9.2,6.7,17,14.6,14.2,43,2007-08,reg
12,Golden State Warriors,82,48,34,48.2,106.6,30.4,70.3,9.1,4.6,15.6,15.7,14.3,45,2007-08,reg
13,Cleveland Cavaliers,82,45,37,48.4,103.7,31.3,75.9,7.1,5.2,15.8,11.3,12.4,37.5,2007-08,reg
14,Washington Wizards,82,43,39,48.5,106.8,29.3,72.8,7.7,4.8,15,13.1,12.9,37.6,2007-08,reg
15,Portland Trail Blazers,82,41,41,48.5,105.5,29.7,71.8,5.5,4.4,14.5,13.5,12.5,40.5,2007-08,reg
15,Toronto Raptors,82,41,41,48.4,104.3,30.4,75,7,4.1,13.6,11.7,10.6,37.6,2007-08,reg
17,Philadelphia 76ers,82,40,42,48.2,103.4,28.9,72,8.7,4.9,15,13.1,10,40.9,2007-08,reg
18,Sacramento Kings,82,38,44,48.4,107.2,30,71.7,7.9,4.1,18.4,13.6,13.1,41.4,2007-08,reg
19,Atlanta Hawks,82,37,45,48.4,105.9,29.9,71.7,7.3,5.5,17.2,14.2,13.3,43.5,2007-08,reg
20,Indiana Pacers,82,36,46,48.2,104.6,32.1,73.9,7.6,5,17.2,13.2,12,37,2007-08,reg
21,New Jersey Nets,82,34,48,48.4,106.6,30.7,73.8,6.4,4.8,16.7,13.4,12.7,37.4,2007-08,reg
22,Chicago Bulls,82,33,49,48.3,104.2,30.2,73.1,7.7,5.2,16.4,12.7,12.9,35.6,2007-08,reg
23,Charlotte Bobcats,82,32,50,48.5,106.8,29.8,71,7.5,4.9,16.8,15,13.5,43.9,2007-08,reg
24,Milwaukee Bucks,82,26,56,48.4,109.8,28.8,73,6.6,4.4,17.2,13,14.2,41.6,2007-08,reg
25,New York Knicks,82,23,59,48.5,109.6,30,72.7,6.4,2.6,17.3,13.5,12.5,41,2007-08,reg
25,Los Angeles Clippers,82,23,59,48.3,106.4,30.4,73.1,6.8,4.9,15.7,13.2,10.4,43.5,2007-08,reg
27,Memphis Grizzlies,82,22,60,48.3,109.2,31.3,73.4,6.1,4.7,18,13,16.2,45.8,2007-08,reg
27,Minnesota Timberwolves,82,22,60,48.1,108.9,29.6,73.6,7.5,3.7,17.8,13,14.5,38.9,2007-08,reg
29,Seattle SuperSonics,82,20,62,48.4,106.9,32.8,73.7,6.5,4.9,18.3,13.9,14.1,44.2,2007-08,reg
30,Miami Heat,82,15,67,48.4,107.1,28.6,71.9,7.2,4.3,17,13.9,13.5,38.8,2007-08,reg
1,Dallas Mavericks,82,67,15,48.2,100.6,30.7,75,6.8,5,15.2,11.4,12.7,36.9,2006-07,reg
2,Phoenix Suns,82,61,21,48.5,103.4,31.5,71.9,6.7,4.8,16.2,15.3,10.5,42.3,2006-07,reg
3,San Antonio Spurs,82,58,24,48.2,97.4,31.4,75.7,7.2,5.1,15.3,12.4,10.8,38.9,2006-07,reg
4,Detroit Pistons,82,53,29,48.5,101.1,29,70.9,7.1,5.8,13.2,13.3,11.2,37.2,2006-07,reg
5,Houston Rockets,82,52,30,48.4,97.5,32.6,77,7.1,4.1,14.8,11.6,9.6,33,2006-07,reg
6,Utah Jazz,82,51,31,48.3,104.7,30,75.1,7,4.1,17.5,11.1,12.2,38.2,2006-07,reg
7,Cleveland Cavaliers,82,50,32,48.5,98.9,30.8,75.8,7.6,4.3,14.7,12.3,10.7,38.1,2006-07,reg
8,Chicago Bulls,82,49,33,48.2,97,31.7,74.3,7.8,5.4,17.2,12,10.7,35.1,2006-07,reg
9,Toronto Raptors,82,47,35,48.2,103.2,30.2,74.5,7.1,3.9,15.1,12.6,11.7,40,2006-07,reg
10,Denver Nuggets,82,45,37,48.2,102.7,31.2,71.8,8.3,5.3,18.6,14.3,14.6,44.8,2006-07,reg
11,Miami Heat,82,44,38,48.4,102,30.8,73.3,6.9,5.4,16.4,13.3,12.8,36.1,2006-07,reg
12,Los Angeles Lakers,82,42,40,48.9,106.1,30.4,72.3,7.3,5.1,18.2,14.1,12.2,43.7,2006-07,reg
12,Golden State Warriors,82,42,40,48.2,104.5,29.9,69.6,9.1,5.7,18.3,16,13.4,43.9,2006-07,reg
14,New Jersey Nets,82,41,41,48.5,103.5,30.8,74.4,6.1,3.3,16.6,12.5,11.1,35.6,2006-07,reg
14,Washington Wizards,82,41,41,48.4,108,29,71,7.7,4.6,16.1,14.4,13.3,41.6,2006-07,reg
16,Orlando Magic,82,40,42,48.2,101.7,29.5,73.7,6.9,5.1,18,11.6,13,34,2006-07,reg
16,Los Angeles Clippers,82,40,42,48.1,102.8,30.3,74.7,7.3,5.8,16.5,12.1,9,40,2006-07,reg
18,New Orleans Hornets,82,39,43,48.5,104,30.6,74.7,6.4,4.2,16.2,13,11.9,37.8,2006-07,reg
19,Philadelphia 76ers,82,35,47,48.5,103.9,28.7,70.8,7.2,4.8,17.2,14.3,11.9,41.2,2006-07,reg
19,Indiana Pacers,82,35,47,48.2,103,29.8,72.7,7.3,5.5,18.5,13.2,12.6,38.7,2006-07,reg
21,New York Knicks,82,33,49,48.8,106.3,30.7,74,6.6,3.2,18.5,13.2,10.1,38.1,2006-07,reg
21,Charlotte Bobcats,82,33,49,48.8,104.8,28.6,71.6,7.8,4.5,16.9,12.9,13.1,42,2006-07,reg
21,Sacramento Kings,82,33,49,48.3,105.2,29.2,72.5,8.2,3.2,15.5,12.8,12.5,41.9,2006-07,reg
24,Minnesota Timberwolves,82,32,50,48.8,105.3,30.2,72.1,6.5,4,17.5,13.9,11.8,40.4,2006-07,reg
24,Portland Trail Blazers,82,32,50,48.7,107.3,28,73,6.8,4.6,18.3,12.6,13.9,41.2,2006-07,reg
26,Seattle SuperSonics,82,31,51,48.4,107.5,28.3,70.9,7.7,3.7,17.7,14.7,12.6,43.6,2006-07,reg
27,Atlanta Hawks,82,30,52,48.5,105.5,28.2,70.9,7.4,5.4,18.1,13.7,13.3,43,2006-07,reg
28,Milwaukee Bucks,82,28,54,48.4,109.1,27.7,68.1,7.2,2.7,17.5,14.2,12.9,43.5,2006-07,reg
29,Boston Celtics,82,24,58,48.4,104.5,29.2,73.8,7.2,4.7,18.2,12,12.4,41.7,2006-07,reg
30,Memphis Grizzlies,82,22,60,48.7,109.7,29,71.1,6.9,5,19.8,14.2,14.6,45.4,2006-07,reg
1,Detroit Pistons,82,64,18,48.4,100.2,28.6,71.2,7.1,6,13.5,12.6,11.4,40.1,2005-06,reg
2,San Antonio Spurs,82,63,19,48.3,96.9,31.1,74.2,6.6,5.7,13.1,11.8,11,39.1,2005-06,reg
3,Dallas Mavericks,82,60,22,48.5,101.9,29.6,72.2,7.2,6,14,12.8,12.3,35.9,2005-06,reg
4,Phoenix Suns,82,54,28,48.7,102.9,32.3,72.1,6.7,5,14.9,14.6,11.2,41.4,2005-06,reg
5,Miami Heat,82,52,30,48.2,101.7,32.6,76.4,6.4,5.4,16.4,11.9,12.4,35.3,2005-06,reg
6,Cleveland Cavaliers,82,50,32,48.4,102.6,30.6,75.7,6.9,4.8,15.6,11.9,10.8,37.2,2005-06,reg
7,New Jersey Nets,82,49,33,48.2,99.8,31,76.3,6.8,3.4,14.7,10.7,11.3,34.4,2005-06,reg
7,Memphis Grizzlies,82,49,33,48.4,99.2,29,72,7.3,5.4,14.8,12.6,12.3,36.3,2005-06,reg
9,Los Angeles Clippers,82,47,35,48.3,100.7,33,75.9,6.5,6.1,15.7,12.5,9.8,39,2005-06,reg
10,Los Angeles Lakers,82,45,37,48.4,102.6,30.3,73.6,7.7,4.3,14,13.2,10.1,39.1,2005-06,reg
11,Sacramento Kings,82,44,38,48.4,102.3,30.2,72.2,7.4,3.6,16.5,12.8,12.1,39.9,2005-06,reg
11,Denver Nuggets,82,44,38,48.6,102.1,30.3,72,8.5,5.6,16.7,14.2,14.2,41.1,2005-06,reg
13,Washington Wizards,82,42,40,48.4,104.7,28.6,70.9,8,4.1,15.9,13.1,12.5,40.4,2005-06,reg
14,Indiana Pacers,82,41,41,48.1,99.9,31.2,72.6,7.3,5,16.2,13.1,11.1,37.9,2005-06,reg
14,Utah Jazz,82,41,41,48.5,104.5,29,73.2,6.4,6,17.6,12.5,12.6,34.6,2005-06,reg
14,Chicago Bulls,82,41,41,48.5,100.2,31.7,74.7,6.2,4.2,16.3,13.1,10.6,32.2,2005-06,reg
17,Milwaukee Bucks,82,40,42,48.4,105,29.9,74.6,7.3,3.3,16.7,12.2,12.1,39.7,2005-06,reg
18,Philadelphia 76ers,82,38,44,48.5,104.8,29.6,71.3,7.9,4.9,15.9,14.1,13.4,41.4,2005-06,reg
18,New Orleans Hornets,82,38,44,48.3,104.4,29,73.4,7.5,3.8,14.3,12.4,12,36.3,2005-06,reg
20,Orlando Magic,82,36,46,48.5,104.7,29.3,72.5,6.5,4.4,17.1,13.1,12.3,36.8,2005-06,reg
21,Seattle SuperSonics,82,35,47,48.4,111.3,27.2,69,7.6,3.7,17.6,15.3,13.3,42.8,2005-06,reg
22,Houston Rockets,82,34,48,48.4,100.6,31.3,74.6,7.2,3.9,15.2,11.6,10.2,30.1,2005-06,reg
22,Golden State Warriors,82,34,48,48.4,103.5,30.3,71.6,7.4,4.3,16.1,13.7,13.3,40.8,2005-06,reg
24,Minnesota Timberwolves,82,33,49,48.4,101.7,29.5,71.3,6.8,5.7,15.5,14.5,10.2,39.6,2005-06,reg
24,Boston Celtics,82,33,49,48.5,104,29.7,72.8,7,5.1,18.9,13.2,10.9,39.7,2005-06,reg
26,Toronto Raptors,82,27,55,48.7,109.7,27.9,73.3,6.5,3.3,15,12.9,12.4,43,2005-06,reg
27,Atlanta Hawks,82,26,56,48.5,108.3,27.2,69.5,7.2,4.8,18.1,15.2,12,44.4,2005-06,reg
27,Charlotte Bobcats,82,26,56,48.5,104.2,27.7,70.7,10,4.3,15.5,13.5,11.4,43.4,2005-06,reg
29,New York Knicks,82,23,59,48.6,108.4,28.8,72.8,6.8,3.3,20,12.9,11.7,37,2005-06,reg
30,Portland Trail Blazers,82,21,61,48.1,109.4,26.9,68.2,6.5,5.3,17.3,14,12.4,38.9,2005-06,reg
1,Phoenix Suns,82,62,20,48.2,103.7,32.3,68.3,7,5.5,15.9,17.4,12,43.2,2004-05,reg
2,San Antonio Spurs,82,59,23,48.3,95.8,30.4,73.6,7.5,6.6,14.6,12.3,10.9,37.2,2004-05,reg
2,Miami Heat,82,59,23,48.7,99.8,32.2,74.1,6.4,5.8,14.9,12.9,11.6,34.1,2004-05,reg
4,Dallas Mavericks,82,58,24,48.1,101,30.9,70.2,8.6,5.6,15,14.5,13.7,39.8,2004-05,reg
5,Detroit Pistons,82,54,28,48.7,97.9,30.6,73,7,6.1,14.5,12.1,12.3,35,2004-05,reg
6,Seattle SuperSonics,82,52,30,48.2,106.1,28.2,71.3,6.7,4.1,15.4,13.6,12.1,39.8,2004-05,reg
7,Houston Rockets,82,51,31,48.4,98.9,31.7,74.5,6.9,4.6,15.1,11.5,10.1,30.9,2004-05,reg
8,Sacramento Kings,82,50,32,48.4,105,29.9,69,8.2,3.9,15.2,15,12.9,42.9,2004-05,reg
9,Denver Nuggets,82,49,33,48.2,100.7,30.2,71.7,9.1,6,16,14,13,39.2,2004-05,reg
10,Chicago Bulls,82,47,35,48.4,97.5,31.6,72.6,7,4.5,17.2,12.6,10.3,33.3,2004-05,reg
11,Boston Celtics,82,45,37,48.5,103.3,29.7,70.1,8.1,5.2,17.7,15,12.4,39.5,2004-05,reg
11,Washington Wizards,82,45,37,48.2,104.2,29,70,8.7,4.2,15.8,14.8,12.2,40.7,2004-05,reg
11,Memphis Grizzlies,82,45,37,48.1,99.9,28.1,69.9,8.5,5.8,15.7,14.1,12.4,34.4,2004-05,reg
14,Minnesota Timberwolves,82,44,38,48.2,103.7,31.5,71.4,5.6,5.5,15.2,13.7,11.6,38.6,2004-05,reg
14,Indiana Pacers,82,44,38,48.5,101.9,29.5,71.3,7.5,4.4,14.4,12.5,10.9,35.3,2004-05,reg
16,Philadelphia 76ers,82,43,39,48.4,101.5,30.9,72.7,9.2,3.9,17.4,13.4,10.1,35,2004-05,reg
17,New Jersey Nets,82,42,40,48.5,100.4,29.1,73.2,7.9,3.8,14.8,12.6,11.2,32,2004-05,reg
17,Cleveland Cavaliers,82,42,40,48.4,102.5,28.7,71.5,8,5.6,15.3,13.2,12.6,37.9,2004-05,reg
19,Los Angeles Clippers,82,37,45,48.9,103.4,29.9,71.3,7.3,5.1,17.5,12.9,10,39.3,2004-05,reg
20,Orlando Magic,82,36,46,48.1,104.2,31,71.3,7.7,5.4,17.9,14.2,14.7,40.9,2004-05,reg
21,Los Angeles Lakers,82,34,48,48.2,108,30.6,71.1,6.2,4.2,16.9,14.7,13,39.8,2004-05,reg
21,Golden State Warriors,82,34,48,48.5,104,29.7,69.7,7.8,5.1,15.7,15,13,43,2004-05,reg
23,Toronto Raptors,82,33,49,48.3,105.9,29.8,71.1,7.6,3.9,15.3,13.8,11.7,41.9,2004-05,reg
23,New York Knicks,82,33,49,48.5,106.5,29.2,71.2,7.7,3.2,16.6,13.5,12.4,40,2004-05,reg
25,Milwaukee Bucks,82,30,52,48.2,106.7,29.3,72,6.5,3.5,16.2,13.6,15,41.9,2004-05,reg
26,Portland Trail Blazers,82,27,55,48.1,104.5,29.3,67.7,7.1,6.6,17.7,15.8,14.3,41.7,2004-05,reg
27,Utah Jazz,82,26,56,48.2,107,27.4,72.3,6.6,4.6,17.8,12.1,13.4,35.6,2004-05,reg
28,New Orleans Hornets,82,18,64,48.6,105.1,27.8,70.7,6.7,3.8,17.5,13.6,11.7,36.7,2004-05,reg
28,Charlotte Bobcats,82,18,64,48.5,104.7,28.5,70.9,8.5,5.4,16.6,13.1,14,40.8,2004-05,reg
30,Atlanta Hawks,82,13,69,48.4,108.4,28.5,72.1,7.7,4.2,18.5,13.6,13.1,41.4,2004-05,reg
1,Indiana Pacers,82,61,21,48.3,94.8,29.9,73.9,8.9,5,14.9,11.3,11.7,35.6,2003-04,reg
2,Minnesota Timberwolves,82,58,24,48.2,96.6,32.3,72.5,6.8,5.6,13.1,13.1,11,35.3,2003-04,reg
3,San Antonio Spurs,82,57,25,48.2,91.6,32.5,74.6,8.1,6.5,14.5,11.9,10.6,36.4,2003-04,reg
4,Los Angeles Lakers,82,56,26,48.4,98.7,30.9,73.3,8.3,4.6,14.5,13.1,11,37.7,2003-04,reg
5,Sacramento Kings,82,55,27,48.2,102.2,30.4,69.8,8.7,4,15.1,14.2,13.2,42.6,2003-04,reg
6,Detroit Pistons,82,54,28,48.2,92.5,30.4,71.8,8,7,14.6,12.7,10.3,33.7,2003-04,reg
7,Dallas Mavericks,82,52,30,48.3,104.3,31,71.6,8,5.3,13.9,13.2,14.4,44,2003-04,reg
8,Memphis Grizzlies,82,50,32,48.5,99.2,29,68.4,9.7,6.9,15.5,15,13.1,41.4,2003-04,reg
9,New Jersey Nets,82,47,35,48.1,95.2,30.2,73.9,8.6,3.9,15.5,11.5,11,33.1,2003-04,reg
10,Houston Rockets,82,45,37,48.6,96.4,32.3,74.5,6.8,5.4,17.1,12.4,10.3,30.3,2003-04,reg
11,Denver Nuggets,82,43,39,48.1,99.9,29.1,69.3,9.1,6.3,16.4,14.3,14,42.9,2003-04,reg
12,Miami Heat,82,42,40,48.2,98.9,30,73.4,7.2,3.8,15.2,12.2,9.9,33.5,2003-04,reg
12,Utah Jazz,82,42,40,48.2,100.4,27.7,72.4,7.1,6,17,11.7,11.5,32.2,2003-04,reg
14,New Orleans Hornets,82,41,41,48.4,99.5,29.5,71.3,8.6,4.2,16.1,13.1,11.5,37.4,2003-04,reg
14,Milwaukee Bucks,82,41,41,48.2,102.6,30.5,71.8,6.8,4.7,14.8,13.4,13.2,40.6,2003-04,reg
14,Portland Trail Blazers,82,41,41,48.7,102.2,29,70,7.5,5.4,16.5,13.8,12.2,38.9,2003-04,reg
17,New York Knicks,82,39,43,48.5,100.3,31,72.8,7.4,4.8,17,12.7,10.7,34.7,2003-04,reg
18,Seattle SuperSonics,82,37,45,48.3,104.7,28.3,68.5,8.1,4.7,17.2,15.2,13.5,39,2003-04,reg
18,Golden State Warriors,82,37,45,48.4,101.2,30.9,72.1,7,4.7,15.3,13.4,12.2,38.7,2003-04,reg
20,Boston Celtics,82,36,46,48.1,100.2,29.8,69.5,9.4,4,17.6,14.7,12.1,35.5,2003-04,reg
21,Cleveland Cavaliers,82,35,47,48.4,101.3,31.9,73,7.1,6.5,15.7,13.4,13.1,38.1,2003-04,reg
22,Philadelphia 76ers,82,33,49,48.4,99.1,29.4,70.7,8,4.4,16.8,13.3,11.9,36.6,2003-04,reg
22,Toronto Raptors,82,33,49,48.7,97.6,29.5,70.1,7.4,4.9,14.5,13.9,11.3,37.7,2003-04,reg
24,Phoenix Suns,82,29,53,48.1,102.2,29.3,69.9,9,4.7,17,15.1,11.2,40,2003-04,reg
25,Los Angeles Clippers,82,28,54,48.3,105.9,29.5,70,7.2,4.6,18.7,14.4,11.1,42.7,2003-04,reg
25,Atlanta Hawks,82,28,54,48.5,103.1,30.6,70.5,7.6,5,18.9,14,13.7,40,2003-04,reg
27,Washington Wizards,82,25,57,48.4,101.9,29.2,69.5,8.9,5,20.1,13.7,15.9,40,2003-04,reg
28,Chicago Bulls,82,23,59,48.4,100.5,30.7,71.4,8,4.8,17.4,13.2,12,36.5,2003-04,reg
29,Orlando Magic,82,21,61,48.4,107.5,28.7,68.7,6.7,3.8,16.7,15.4,14.1,44.8,2003-04,reg
1,Dallas Mavericks,82,60,22,48.2,99.4,31,70.9,8.1,5.5,12.4,14.3,12.3,38.5,2002-03,reg
1,San Antonio Spurs,82,60,22,48.4,96.6,31.2,71.3,7.7,6.5,16.7,14,12.2,37.5,2002-03,reg
3,Sacramento Kings,82,59,23,48.4,96.3,33.5,70.6,9,5.6,15.7,14.6,12.4,38.2,2002-03,reg
4,Minnesota Timberwolves,82,51,31,48.3,100.6,31.9,72.9,6.7,5.3,15,13.8,11.7,38.2,2002-03,reg
5,Detroit Pistons,82,50,32,48.5,97.3,29.8,74,6.8,5.7,14,11.7,10.2,34,2002-03,reg
5,Portland Trail Blazers,82,50,32,48.4,99.5,29,72.3,8.8,3.9,17.2,13.3,12.9,38,2002-03,reg
5,Los Angeles Lakers,82,50,32,48.6,101.8,31.1,72.7,7.8,5.7,15.9,13.8,11.9,37.7,2002-03,reg
8,New Jersey Nets,82,49,33,48.2,95.5,30.8,73.1,8.7,4.6,15.6,12.3,10.9,34.2,2002-03,reg
9,Indiana Pacers,82,48,34,48.6,97.9,32,72.3,8.5,5.4,16.3,13.7,13.8,37.9,2002-03,reg
9,Philadelphia 76ers,82,48,34,48.4,100,29.5,72.7,10.3,3.5,16.3,12.4,13.8,36.9,2002-03,reg
11,Utah Jazz,82,47,35,48.2,99.8,29,70.2,8.6,5.7,17.6,12.9,11.7,35.3,2002-03,reg
11,New Orleans Hornets,82,47,35,48.5,98.4,30.2,73.1,8,4.8,15.9,13.2,12,38.6,2002-03,reg
13,Phoenix Suns,82,44,38,48.3,99.4,29.8,70.3,8.1,4.9,15.2,15.2,10.4,39.1,2002-03,reg
13,Boston Celtics,82,44,38,48.4,98.5,30.1,72.5,8.8,3.7,15,13.5,11.2,31.9,2002-03,reg
15,Houston Rockets,82,43,39,48.6,99.9,31.3,72.4,7.2,6,16.5,13.2,10.7,34.8,2002-03,reg
16,Orlando Magic,82,42,40,48.3,101.9,29.2,71.1,8.5,3.7,15.4,14,12.5,40.5,2002-03,reg
16,Milwaukee Bucks,82,42,40,48.5,105.3,28.9,69.9,7.6,4.2,14.4,15,11.9,38.6,2002-03,reg
18,Seattle SuperSonics,82,40,42,48.4,100.9,29.1,71.8,8.3,3.6,15,13.1,12.5,36.4,2002-03,reg
19,Golden State Warriors,82,38,44,48.2,106,31,67.9,7.2,6.2,18.2,16,14.1,44.5,2002-03,reg
20,Washington Wizards,82,37,45,48.4,100.9,29.2,71.6,7.6,4.8,15.2,13.7,11.7,35.7,2002-03,reg
20,New York Knicks,82,37,45,48.4,103.7,29,71.8,7.1,3.1,15.9,12.9,10.4,41.4,2002-03,reg
22,Atlanta Hawks,82,35,47,48.6,102.8,31.2,70.4,7.5,5.8,19,14.7,13.2,39.1,2002-03,reg
23,Chicago Bulls,82,30,52,48.6,103.1,31,69.5,7.4,5.6,18.7,14.3,12.6,39.1,2002-03,reg
24,Memphis Grizzlies,82,28,54,48.6,104.6,30.1,68.7,7.9,6.1,16.8,15.4,13.8,45.5,2002-03,reg
25,Los Angeles Clippers,82,27,55,48.2,103.6,30,70.2,7,5.6,17.2,14.8,9.9,40.4,2002-03,reg
26,Miami Heat,82,25,57,48.4,99.8,30,73.9,7.2,4,15,11.9,10.4,35.3,2002-03,reg
27,Toronto Raptors,82,24,58,48.3,104.3,28.7,70.7,7.4,4.8,15.9,14.2,18.3,43.2,2002-03,reg
28,Denver Nuggets,82,17,65,48.1,99,28.8,73.3,8.7,5.1,19.4,11.4,13.9,35,2002-03,reg
28,Cleveland Cavaliers,82,17,65,48.4,103.6,31,73.2,7.8,6.4,20.3,13.1,16.3,39.5,2002-03,reg
1,Sacramento Kings,82,61,21,48.2,98.6,33,71.7,9,4.6,14.4,14.5,12.8,41.5,2001-02,reg
2,San Antonio Spurs,82,58,24,48.4,96.5,31.3,71.9,7.6,6.5,15.1,13.9,12.5,37.3,2001-02,reg
2,Los Angeles Lakers,82,58,24,48.2,98.7,31.8,72,7.6,5.8,13.7,14.6,10.7,37,2001-02,reg
4,Dallas Mavericks,82,57,25,48.5,104.8,31.3,70.7,7.1,4.8,14.2,15.1,13.6,43.5,2001-02,reg
5,New Jersey Nets,82,52,30,48.4,96.6,30.7,71.6,8.7,6,14.6,13,10.8,35.3,2001-02,reg
6,Minnesota Timberwolves,82,50,32,48.3,102.2,31.2,73.7,6.4,5.2,15.4,13.8,11.7,38,2001-02,reg
6,Detroit Pistons,82,50,32,48,99.3,28.9,70.5,7.9,6.9,16,13.2,11.2,36,2001-02,reg
8,Portland Trail Blazers,82,49,33,48.4,101,29.8,73.3,8.6,4.5,15.3,12.6,12.6,36.8,2001-02,reg
8,Boston Celtics,82,49,33,48.4,98,31.3,72.9,9.7,3.6,14.9,13.6,12.6,30.9,2001-02,reg
10,Seattle SuperSonics,82,45,37,48.4,102.5,28.5,68.1,8.5,4.4,15.3,14.7,13.1,38.5,2001-02,reg
11,Utah Jazz,82,44,38,48.4,101.6,28.6,71.7,9.1,6.4,17.2,12.8,11.9,35,2001-02,reg
11,Orlando Magic,82,44,38,48.4,102.5,29.7,69.2,8.1,4.7,14.6,14.9,14.7,42,2001-02,reg
11,Charlotte Hornets,82,44,38,48.2,100,30.5,72.2,8,5.6,14.7,14.4,12.3,36.4,2001-02,reg
14,Philadelphia 76ers,82,43,39,48.1,97.5,30.9,72.1,8.6,4.4,15.4,11.9,13.4,33.3,2001-02,reg
15,Indiana Pacers,82,42,40,48.5,101.1,31.3,71,8,5.3,15.5,14.7,13.8,39.1,2001-02,reg
15,Toronto Raptors,82,42,40,48.2,100,28.5,70.1,8.4,5.6,15.3,13.5,16.2,35.4,2001-02,reg
17,Milwaukee Bucks,82,41,41,48.5,103.9,31.2,70.9,7.3,4.7,15.9,13.8,12,37,2001-02,reg
18,Los Angeles Clippers,82,39,43,48.3,103.2,30.2,69.9,6.2,6.6,15.8,15.3,10,42.1,2001-02,reg
19,Washington Wizards,82,37,45,48.1,103.2,29.2,71.4,7,4.3,15.1,13.3,12.6,36,2001-02,reg
20,Miami Heat,82,36,46,48.6,97.6,31,74,6.7,5.5,16.3,12,11.4,33.4,2001-02,reg
20,Phoenix Suns,82,36,46,48.4,101,29.6,70.2,8.1,4.9,16.1,14.5,11.7,38.2,2001-02,reg
22,Atlanta Hawks,82,33,49,48.2,103.7,29.8,70.9,8.1,4.3,17.8,13.8,16.7,40.8,2001-02,reg
23,New York Knicks,82,30,52,48.3,103,30,71.9,6.8,3.5,17,13.5,11.1,38,2001-02,reg
24,Cleveland Cavaliers,82,29,53,48.4,105,30.3,72.8,7,5.7,16.6,13.4,13,39.7,2001-02,reg
25,Houston Rockets,82,28,54,48.7,105.9,29.4,69.8,6.5,5.4,16.1,14.4,12.7,41.5,2001-02,reg
26,Denver Nuggets,82,27,55,48.3,104.9,28.2,69.9,7.5,5.6,16.9,14.7,15.3,41.1,2001-02,reg
27,Memphis Grizzlies,82,23,59,48.2,103.8,29.4,68,7.9,6,17.9,14.1,14.3,43.6,2001-02,reg
28,Golden State Warriors,82,21,61,48.2,105.6,30.4,69.4,7.9,6.4,18.6,14.6,14.3,46,2001-02,reg
28,Chicago Bulls,82,21,61,48.3,104.8,28.8,71.4,7.7,4.4,16.3,13.3,11.5,37.6,2001-02,reg
1,San Antonio Spurs,82,58,24,48.4,94.9,33.1,73.7,6.9,7,14.8,12,12.3,34,2000-01,reg
2,Philadelphia 76ers,82,56,26,48.4,96.2,31.7,72.5,8.4,5,16.2,12.6,13.5,36.6,2000-01,reg
2,Los Angeles Lakers,82,56,26,48.5,101.7,31.5,72.5,6.9,6,16,13.5,12.8,37.9,2000-01,reg
4,Sacramento Kings,82,55,27,49,97,33,70.7,9.7,5.3,16.1,13.5,13.9,39.4,2000-01,reg
5,Utah Jazz,82,53,29,48.2,100,29.1,73.2,8.1,5.6,15.9,12.5,10.8,32.1,2000-01,reg
5,Dallas Mavericks,82,53,29,48.3,100.1,31.4,70.7,7.5,6,15.4,14.3,13.3,40.9,2000-01,reg
7,Milwaukee Bucks,82,52,30,48.2,101.2,30.5,71.1,8.2,4.7,14.9,14.5,12.2,36.9,2000-01,reg
8,Phoenix Suns,82,51,31,48.3,95.4,30.8,73.7,9.5,5.2,16.1,12.6,13.1,36.3,2000-01,reg
9,Portland Trail Blazers,82,50,32,48.2,99,30.3,72.4,8.2,5.1,15.7,12.6,11.2,36.4,2000-01,reg
9,Miami Heat,82,50,32,48.5,95.7,29.7,72.7,7.7,3.7,14.4,12.2,10,35.8,2000-01,reg
11,New York Knicks,82,48,34,48.5,95.5,30.8,74.3,6.6,4.2,15.4,10.7,7.3,30.2,2000-01,reg
12,Toronto Raptors,82,47,35,48.7,100.5,30.8,73.2,7.3,6.3,14.3,13.6,17,39.6,2000-01,reg
12,Minnesota Timberwolves,82,47,35,48.4,100.7,30.1,71.9,8.3,5.6,15.5,13.3,12.6,41,2000-01,reg
14,Charlotte Hornets,82,46,36,48.5,96.3,31.8,74.5,8.1,5.5,15.6,12.9,10.5,35.4,2000-01,reg
15,Houston Rockets,82,45,37,48.4,101.7,30.8,71.9,7.2,4.4,16.1,14.1,11.7,38.2,2000-01,reg
16,Seattle SuperSonics,82,44,38,48.3,102.7,29.5,69.8,8,5,17,13.9,14.4,39.6,2000-01,reg
17,Orlando Magic,82,43,39,48.7,99.2,29.9,69.8,8.2,5.9,16.1,14.5,13.3,37,2000-01,reg
18,Indiana Pacers,82,41,41,48.7,99.2,31.6,71.4,6.9,5.9,15.5,13.3,12.8,34.2,2000-01,reg
19,Denver Nuggets,82,40,42,48.2,103.1,31.5,71.8,6.7,6.6,15.2,13.9,15,41.9,2000-01,reg
20,Boston Celtics,82,36,46,48.4,100.9,28.9,72.7,9.4,4.1,17,13,13.4,35.9,2000-01,reg
21,Detroit Pistons,82,32,50,48.4,98.9,32,72.2,7.5,5.5,16.4,13.4,13.6,35.4,2000-01,reg
22,Los Angeles Clippers,82,31,51,48.9,101.8,31.2,71.1,6,6.3,16.7,13.6,10.8,41.6,2000-01,reg
23,Cleveland Cavaliers,82,30,52,48.4,102,29.8,71.1,7.8,5.3,18.5,13.8,14.6,36.6,2000-01,reg
24,New Jersey Nets,82,26,56,48.1,103,28.5,70,7.9,5,16.2,14.1,13.8,37.2,2000-01,reg
25,Atlanta Hawks,82,25,57,48.1,101.9,30.4,70.8,7.7,4.7,18.6,13,13.1,36.9,2000-01,reg
26,Vancouver Grizzlies,82,23,59,48.2,103.2,29.6,69.8,7.1,4.4,18,14.6,14.4,42.4,2000-01,reg
27,Washington Wizards,82,19,63,48,104.8,28.9,71.8,7.7,4.7,19.8,13.3,14.5,42,2000-01,reg
28,Golden State Warriors,82,17,65,48.2,104.9,29.1,69.7,9,5,18.2,13.7,15.2,44.9,2000-01,reg
29,Chicago Bulls,82,15,67,48.4,104.9,27.6,70.3,8.2,4.6,17.9,13.5,11.6,40,2000-01,reg
1,San Antonio Spurs,82,58,24,48.4,94.9,33.1,73.7,6.9,7,14.8,12,12.3,34,1999-00,reg
2,Philadelphia 76ers,82,56,26,48.4,96.2,31.7,72.5,8.4,5,16.2,12.6,13.5,36.6,1999-00,reg
2,Los Angeles Lakers,82,56,26,48.5,101.7,31.5,72.5,6.9,6,16,13.5,12.8,37.9,1999-00,reg
4,Sacramento Kings,82,55,27,49,97,33,70.7,9.7,5.3,16.1,13.5,13.9,39.4,1999-00,reg
5,Utah Jazz,82,53,29,48.2,100,29.1,73.2,8.1,5.6,15.9,12.5,10.8,32.1,1999-00,reg
5,Dallas Mavericks,82,53,29,48.3,100.1,31.4,70.7,7.5,6,15.4,14.3,13.3,40.9,1999-00,reg
7,Milwaukee Bucks,82,52,30,48.2,101.2,30.5,71.1,8.2,4.7,14.9,14.5,12.2,36.9,1999-00,reg
8,Phoenix Suns,82,51,31,48.3,95.4,30.8,73.7,9.5,5.2,16.1,12.6,13.1,36.3,1999-00,reg
9,Portland Trail Blazers,82,50,32,48.2,99,30.3,72.4,8.2,5.1,15.7,12.6,11.2,36.4,1999-00,reg
9,Miami Heat,82,50,32,48.5,95.7,29.7,72.7,7.7,3.7,14.4,12.2,10,35.8,1999-00,reg
11,New York Knicks,82,48,34,48.5,95.5,30.8,74.3,6.6,4.2,15.4,10.7,7.3,30.2,1999-00,reg
12,Toronto Raptors,82,47,35,48.7,100.5,30.8,73.2,7.3,6.3,14.3,13.6,17,39.6,1999-00,reg
12,Minnesota Timberwolves,82,47,35,48.4,100.7,30.1,71.9,8.3,5.6,15.5,13.3,12.6,41,1999-00,reg
14,Charlotte Hornets,82,46,36,48.5,96.3,31.8,74.5,8.1,5.5,15.6,12.9,10.5,35.4,1999-00,reg
15,Houston Rockets,82,45,37,48.4,101.7,30.8,71.9,7.2,4.4,16.1,14.1,11.7,38.2,1999-00,reg
16,Seattle SuperSonics,82,44,38,48.3,102.7,29.5,69.8,8,5,17,13.9,14.4,39.6,1999-00,reg
17,Orlando Magic,82,43,39,48.7,99.2,29.9,69.8,8.2,5.9,16.1,14.5,13.3,37,1999-00,reg
18,Indiana Pacers,82,41,41,48.7,99.2,31.6,71.4,6.9,5.9,15.5,13.3,12.8,34.2,1999-00,reg
19,Denver Nuggets,82,40,42,48.2,103.1,31.5,71.8,6.7,6.6,15.2,13.9,15,41.9,1999-00,reg
20,Boston Celtics,82,36,46,48.4,100.9,28.9,72.7,9.4,4.1,17,13,13.4,35.9,1999-00,reg
21,Detroit Pistons,82,32,50,48.4,98.9,32,72.2,7.5,5.5,16.4,13.4,13.6,35.4,1999-00,reg
22,Los Angeles Clippers,82,31,51,48.9,101.8,31.2,71.1,6,6.3,16.7,13.6,10.8,41.6,1999-00,reg
23,Cleveland Cavaliers,82,30,52,48.4,102,29.8,71.1,7.8,5.3,18.5,13.8,14.6,36.6,1999-00,reg
24,New Jersey Nets,82,26,56,48.1,103,28.5,70,7.9,5,16.2,14.1,13.8,37.2,1999-00,reg
25,Atlanta Hawks,82,25,57,48.1,101.9,30.4,70.8,7.7,4.7,18.6,13,13.1,36.9,1999-00,reg
26,Vancouver Grizzlies,82,23,59,48.2,103.2,29.6,69.8,7.1,4.4,18,14.6,14.4,42.4,1999-00,reg
27,Washington Wizards,82,19,63,48,104.8,28.9,71.8,7.7,4.7,19.8,13.3,14.5,42,1999-00,reg
28,Golden State Warriors,82,17,65,48.2,104.9,29.1,69.7,9,5,18.2,13.7,15.2,44.9,1999-00,reg
29,Chicago Bulls,82,15,67,48.4,104.9,27.6,70.3,8.2,4.6,17.9,13.5,11.6,40,1999-00,reg
1,Utah Jazz,50,37,13,48.7,95.5,30.2,70.4,8,5.5,16.9,13,9.8,34.8,1998-99,reg
1,San Antonio Spurs,50,37,13,48.3,92.1,31.7,69.5,8.4,7,16.2,14,11.5,34.6,1998-99,reg
3,Portland Trail Blazers,50,35,15,48.7,94.9,31.4,71.8,8.2,5.8,15,12.9,10.5,35,1998-99,reg
4,Orlando Magic,50,33,17,48.2,95.3,28.9,70.8,9.9,4.3,17.3,12.3,13.9,39.2,1998-99,reg
4,Miami Heat,50,33,17,48.1,96,30.2,71,6.5,6.1,16.5,12.8,9,31.7,1998-99,reg
4,Indiana Pacers,50,33,17,48.4,101,29,69.9,6.3,4.5,13.9,12.5,13.2,34,1998-99,reg
7,Atlanta Hawks,50,31,19,48.3,93.9,30,72.1,6.9,5.2,15,11.7,10.6,31.7,1998-99,reg
7,Houston Rockets,50,31,19,48.3,100.1,30.8,69.9,7.7,5.2,17.3,13.8,12.4,37.6,1998-99,reg
7,Los Angeles Lakers,50,31,19,48.2,101.2,29.6,70.2,7.8,5.7,16.8,14.7,13,38.5,1998-99,reg
10,Detroit Pistons,50,29,21,48.2,97.9,28.2,72,8.9,4.2,16,12,10.5,31.1,1998-99,reg
11,Milwaukee Bucks,50,28,22,48.2,99.5,27.4,67.6,8.8,4,15.5,14.6,11.4,33.4,1998-99,reg
11,Philadelphia 76ers,50,28,22,48.6,94.6,28.6,69.8,10.8,5.4,16.9,12.3,11.8,33,1998-99,reg
13,Phoenix Suns,50,27,23,48.2,99.9,28.4,69.8,8.9,4,15,15.6,12.3,38,1998-99,reg
13,New York Knicks,50,27,23,48.4,94.3,30.2,71,7.9,5.2,16,12.5,8.1,28.5,1998-99,reg
13,Sacramento Kings,50,27,23,48.8,100,31.5,67.7,8.9,4.6,17.9,16.1,13.3,45.8,1998-99,reg
16,Charlotte Hornets,50,26,24,48.6,99.2,29.9,69.5,8.9,4.9,18.3,13.8,13.8,37.7,1998-99,reg
17,Minnesota Timberwolves,50,25,25,48.1,98.2,27.8,70.2,8.5,5.4,14.1,13,12.8,36.1,1998-99,reg
17,Seattle SuperSonics,50,25,25,48.4,103.3,28.4,68.6,7.9,4,16.2,14.5,12.9,42.1,1998-99,reg
19,Toronto Raptors,50,23,27,48.3,100.5,28.9,70.2,8.8,6.4,18.1,12.5,16.4,33.8,1998-99,reg
20,Cleveland Cavaliers,50,22,28,48.2,98.5,26.3,69,9,4.1,17,13.8,11.4,35.7,1998-99,reg
21,Golden State Warriors,50,21,29,48.5,98.7,31.2,70.4,8.3,4.4,16.3,13.4,10.4,38.6,1998-99,reg
22,Dallas Mavericks,50,19,31,48.3,102.2,29.6,69.1,7,5.8,15.7,13.5,13.2,39.3,1998-99,reg
22,Boston Celtics,50,19,31,48.6,99.7,29.2,69.4,9.1,5.1,18.2,14.8,14.5,42.4,1998-99,reg
24,Washington Wizards,50,18,32,48.2,101,28.1,69.5,7.9,3.9,16.2,12.6,13.2,36.9,1998-99,reg
25,New Jersey Nets,50,16,34,48.2,100.6,28.7,69.7,9.8,5.5,16.1,13,12.4,42.6,1998-99,reg
26,Denver Nuggets,50,14,36,48.1,106.8,27.8,69.2,7.5,5.5,16.2,13.6,13,44.4,1998-99,reg
27,Chicago Bulls,50,13,37,48.3,100.1,27.9,71.7,8.7,3.4,17.7,11.9,12.6,38.6,1998-99,reg
28,Los Angeles Clippers,50,9,41,48.5,107,25.9,66.9,8.5,4.7,17.5,14.9,15.5,46.6,1998-99,reg
29,Vancouver Grizzlies,50,8,42,48.7,105.1,27.2,66.9,8.4,4,19.4,15.1,17.6,43.6,1998-99,reg
1,Utah Jazz,82,62,20,48.2,102.3,29.3,71,7.9,5,17,13.6,10.1,35.3,1997-98,reg
1,Chicago Bulls,82,62,20,48.4,96.7,29.7,70.6,8.5,4.3,15,13.7,12.3,37.4,1997-98,reg
3,Los Angeles Lakers,82,61,21,48.4,100.7,30.1,68.8,9,6.8,17.5,15.6,13.3,40.4,1997-98,reg
3,Seattle SuperSonics,82,61,21,48.2,100.4,27.1,66.1,9.8,4.6,15.5,15.4,13,38.9,1997-98,reg
5,Indiana Pacers,82,58,24,48.4,98.4,28.6,67.8,7.9,4.5,14.5,14.3,12.2,37.2,1997-98,reg
6,San Antonio Spurs,82,56,26,48.4,96.2,32.2,72.2,6.3,6.9,16.6,13.5,10.6,33.7,1997-98,reg
6,Phoenix Suns,82,56,26,48.7,98.8,29.9,70,9.2,5.2,16.3,14.5,11.8,39.8,1997-98,reg
8,Miami Heat,82,55,27,48.2,98.7,29.5,69.6,8.1,5.2,16.4,14.5,10.8,36.8,1997-98,reg
9,Charlotte Hornets,82,51,31,48.2,102.7,28.5,70.8,8.4,3.8,17.1,13.8,13,40.9,1997-98,reg
10,Atlanta Hawks,82,50,32,48.5,100.8,29.5,69.1,7.9,6,16.4,14,13.3,38.2,1997-98,reg
11,Cleveland Cavaliers,82,47,35,48.4,96,28.4,71.1,9.9,5.1,18.6,12.8,13.2,36.4,1997-98,reg
12,Portland Trail Blazers,82,46,36,48.4,99.5,30.8,71.4,7.1,5.7,17.5,12.3,13.4,36.2,1997-98,reg
13,Minnesota Timberwolves,82,45,37,48.7,103.6,29.6,68.5,7.8,5.2,16.4,16.3,14,42.2,1997-98,reg
14,New York Knicks,82,43,39,48.4,97.1,29.7,74,7.7,3.4,15.3,12.1,9.3,32.5,1997-98,reg
14,New Jersey Nets,82,43,39,48.5,103.3,26.1,66.4,9.5,3.8,16,15.2,13.6,44.8,1997-98,reg
16,Washington Wizards,82,42,40,48.3,101.6,28.5,69.5,8.4,4.6,15.4,14.3,13.7,42.8,1997-98,reg
17,Orlando Magic,82,41,41,48.4,100.9,26.9,66.9,7.9,5.4,16.8,14.5,14.8,41,1997-98,reg
17,Houston Rockets,82,41,41,48.4,105.6,28.7,69.3,8.4,3.6,17.6,15.6,13.9,41.6,1997-98,reg
19,Detroit Pistons,82,37,45,48.7,100.4,28.5,70.2,8.3,4.2,15.6,14.3,11,34.3,1997-98,reg
20,Boston Celtics,82,36,46,48.1,102.6,24.9,66.8,12,4.5,17.7,14.4,15.2,46.8,1997-98,reg
20,Milwaukee Bucks,82,36,46,48.6,102.4,27.3,69.1,8.9,4.4,18.9,13.6,16.8,43.2,1997-98,reg
22,Philadelphia 76ers,82,31,51,48.2,102.7,28,67.3,8.9,6,18.5,14.7,14.6,38,1997-98,reg
23,Sacramento Kings,82,27,55,48.1,103.8,28.1,66.6,7.3,5.1,17.5,15.1,15.7,44.4,1997-98,reg
24,Dallas Mavericks,82,20,62,48.6,104.4,27.8,65.1,7.9,5.7,16.7,16.4,15.9,44,1997-98,reg
25,Golden State Warriors,82,19,63,48.4,102.8,30.2,68.6,7.6,5.5,18.5,15.2,13.8,41,1997-98,reg
25,Vancouver Grizzlies,82,19,63,48.4,109.3,28.2,66.9,7.5,4.3,19.6,15.3,17.9,43,1997-98,reg
27,Los Angeles Clippers,82,17,65,48.2,108.3,27.8,66.1,7.6,5.6,18.7,16.4,14.7,48,1997-98,reg
28,Toronto Raptors,82,16,66,48.6,107.7,26.2,62.9,9.4,8.1,19.3,18,22.5,48.4,1997-98,reg
29,Denver Nuggets,82,11,71,48.1,109.1,26.3,66.3,8.1,4.8,18.9,15.1,12.8,40.8,1997-98,reg
1,Chicago Bulls,82,69,13,49.6,99.2,30,69.3,8.7,4,14.2,14.5,10.5,38.5,1996-97,reg
2,Utah Jazz,82,64,18,50.3,101.6,29.4,71.6,9.1,5.1,16.3,13,8,34.7,1996-97,reg
3,Miami Heat,82,61,21,50,97.9,29.3,70.6,7.9,5.4,17.1,12.8,9.4,37.7,1996-97,reg
4,Seattle SuperSonics,82,57,25,49.9,99.5,27.7,69.1,11,4.7,16.3,14.6,10.8,34.4,1996-97,reg
4,New York Knicks,82,57,25,50.3,97.6,30.7,73.4,7.7,4.6,18.4,12.5,8.9,33.8,1996-97,reg
4,Houston Rockets,82,57,25,49.9,101.4,31.3,71.4,8.4,4.2,18.2,14.2,12.7,39.7,1996-97,reg
7,Atlanta Hawks,82,56,26,49.7,98.9,28.7,69.2,8.5,5.2,16.1,14.4,11.3,36.7,1996-97,reg
7,Los Angeles Lakers,82,56,26,50.3,100.8,29.4,68.5,9,7,16.1,14.9,13.6,40.5,1996-97,reg
9,Charlotte Hornets,82,54,28,49.8,105.6,28,68.1,7.3,4.3,16.3,16.1,11.1,42.6,1996-97,reg
9,Detroit Pistons,82,54,28,49.9,101.3,27.9,70.4,7.7,3.5,14,13.2,9.5,32.2,1996-97,reg
11,Portland Trail Blazers,82,49,33,50.1,100.5,30.4,72.4,7.8,5.3,18.2,12.7,12.4,39,1996-97,reg
12,Orlando Magic,82,45,37,49.9,103.3,27.1,67.3,8.5,4.4,17.7,14.3,16.4,43.4,1996-97,reg
13,Washington Bullets,82,44,38,50,102,29.5,70.3,8.7,4.9,17.2,13.5,12.6,39.9,1996-97,reg
14,Cleveland Cavaliers,82,42,40,50.2,99.4,26.3,71.9,8,3.8,15.7,11.3,8.8,33.2,1996-97,reg
15,Minnesota Timberwolves,82,40,42,49.8,103.7,28.1,68.3,7.5,6.8,16.9,14.6,13,42.2,1996-97,reg
15,Phoenix Suns,82,40,42,49.9,105.5,29,69.4,8.1,3.9,16.2,15.6,11.6,43.4,1996-97,reg
17,Indiana Pacers,82,39,43,50.4,101.8,29.1,70.4,7.1,4.8,18.3,13.4,13.2,35,1996-97,reg
18,Los Angeles Clippers,82,36,46,50.3,104.9,27.3,68.1,8.9,5.4,18.2,14,12.7,44.4,1996-97,reg
19,Sacramento Kings,82,34,48,50,105.7,28.1,68.5,7.2,4.4,18.7,13.9,13.7,41.6,1996-97,reg
20,Milwaukee Bucks,82,33,49,49.7,105.6,27.6,69.9,7.7,4.2,18.5,13.4,17,44.4,1996-97,reg
21,Golden State Warriors,82,30,52,50.1,108.9,27.5,67.5,7.5,4.4,20.7,15.1,12.2,43.5,1996-97,reg
21,Toronto Raptors,82,30,52,49.9,105.1,27.5,68.6,8.8,6.3,18.8,14.8,17.7,43.2,1996-97,reg
23,New Jersey Nets,82,26,56,49.7,106.5,29,69,8.3,5.9,17.7,14.3,14.9,43.3,1996-97,reg
24,Dallas Mavericks,82,24,58,49.9,105.7,27.6,67.3,8,4.3,17.5,13.7,14.6,39.1,1996-97,reg
25,Philadelphia 76ers,82,22,60,49.7,108.4,28.7,66.5,8.3,4.8,20.6,16.5,16.5,48.1,1996-97,reg
26,Denver Nuggets,82,21,61,50.2,108.2,29.9,69.3,6.1,5.9,19.3,15.6,13.4,45.5,1996-97,reg
27,San Antonio Spurs,82,20,62,49.7,108.8,26,67,7.9,5.3,17.3,15,12.9,40.8,1996-97,reg
28,Boston Celtics,82,15,67,50.1,108.8,26.7,68.5,9.9,3.8,19,14.6,15.9,52.7,1996-97,reg
29,Vancouver Grizzlies,82,14,68,49.7,108.9,26.3,64.1,8,5.7,18.1,16,14.4,46.2,1996-97,reg
1,Golden State Warriors,21,16,5,48.2,100.5,35.9,77.6,7.9,5.8,14.5,12.9,12.2,46,2017-18,play
2,Cleveland Cavaliers,22,12,10,48.5,108.5,31.6,79.4,6,4.4,14.4,12.4,13,46.4,2017-18,play
3,Boston Celtics,19,11,8,48.5,104.6,32.8,79.5,6.8,4.1,12.5,10.7,11.1,44.7,2017-18,play
3,Houston Rockets,17,11,6,48,106.1,34.2,80.1,8.1,5.5,13.7,10,12.4,45.9,2017-18,play
5,Utah Jazz,11,5,6,48,104.4,35.6,80.8,7.5,5,18.9,12.2,12.5,40.4,2017-18,play
5,Philadelphia 76ers,10,5,5,48.5,104.7,36.1,80.8,7.8,4.1,16.6,9.7,13.3,38.8,2017-18,play
5,New Orleans Pelicans,9,5,4,48,105.7,37.7,78.8,8.1,5,19.9,13,18.6,45.3,2017-18,play
8,Toronto Raptors,10,4,6,48.5,112.5,30.7,79.1,5.7,6.1,16.4,10.9,14.3,47.4,2017-18,play
9,Milwaukee Bucks,7,3,4,48.7,106.1,33,75.5,6.6,6.7,15.7,15,9.1,44,2017-18,play
9,Indiana Pacers,7,3,4,48,103,31.9,77.7,8.1,2.7,14.3,8.9,9,33.7,2017-18,play
11,Oklahoma City Thunder,6,2,4,48,106.1,34.7,75.4,8.8,4.2,15.3,15.2,11.7,44.3,2017-18,play
11,Washington Wizards,6,2,4,48,110.2,31.5,78.1,7.8,5.2,16,11.8,15.8,48.7,2017-18,play
13,Minnesota Timberwolves,5,1,4,48,113.3,36.6,80.3,5,3.2,13.6,14.6,8,44.4,2017-18,play
13,Miami Heat,5,1,4,48,109.6,31.4,70.4,8.8,6.4,20.6,16.2,10.2,45.6,2017-18,play
13,San Antonio Spurs,5,1,4,48,111.2,29.2,73.7,7.6,3,13.8,10.4,14.8,35.2,2017-18,play
16,Portland Trail Blazers,4,0,4,48,114.7,32.3,81.1,8.3,3.8,19,10.5,16.8,54,2017-18,play
1,Golden State Warriors,17,16,1,48,102.8,36.5,76.6,8.7,6.1,17.4,12.5,13.5,45.1,2016-17,play
2,Cleveland Cavaliers,18,13,5,48,108.3,32.9,76.1,7.4,4.7,14.5,12.4,13.4,43,2016-17,play
3,Boston Celtics,18,9,9,48.3,111.3,28.5,71.5,7.7,4.1,15.3,14.3,12.7,46.1,2016-17,play
4,San Antonio Spurs,16,8,8,48.6,109.5,31.7,78.5,7.8,4.7,15.9,11.3,16.3,41.1,2016-17,play
5,Washington Wizards,13,7,6,48.4,108.2,31.8,76.2,7.9,6.6,16.2,13.5,12.3,43.1,2016-17,play
6,Houston Rockets,11,6,5,48.5,107.1,33,71.7,7.7,4.6,18.5,14.2,14.9,48.4,2016-17,play
7,Utah Jazz,11,4,7,48,109.2,32.4,81.3,7.4,3.2,13.4,11.4,12.6,41.3,2016-17,play
7,Toronto Raptors,10,4,6,48,107.9,32.5,81.3,7.4,4.4,16.3,8.2,12.4,37,2016-17,play
9,LA Clippers,7,3,4,48,108,30,82,6.3,2.4,15.1,11,7.6,42.6,2016-17,play
10,Milwaukee Bucks,6,2,4,48,101.5,29.8,80.6,8.2,5,16.3,9.7,11.3,37,2016-17,play
10,Atlanta Hawks,6,2,4,48,106,33,77.3,6,3.3,18.3,10.3,20.7,39.3,2016-17,play
10,Chicago Bulls,6,2,4,48,108.9,34.2,78.5,7.2,5.2,16.7,11.2,11.2,46.3,2016-17,play
10,Memphis Grizzlies,6,2,4,48.8,116.8,27.8,73.9,5.2,2.5,14.7,13.3,9.2,36.7,2016-17,play
14,Oklahoma City Thunder,5,1,4,48,109.7,31.4,74.8,8.4,8,12,18.4,6.6,51.6,2016-17,play
15,Portland Trail Blazers,4,0,4,48,114.6,34,81,7.3,4.8,16.3,10.8,20,44.5,2016-17,play
15,Indiana Pacers,4,0,4,48,115.9,30.3,75.2,8,3.8,13.3,12.5,4.5,39,2016-17,play
1,Cleveland Cavaliers,21,16,5,48,103.5,32.6,79,7.8,4.2,13.5,10.6,8.4,36.9,2015-16,play
2,Golden State Warriors,24,15,9,48.2,102.1,32.7,72.4,8,5.5,16,15.5,15.2,42.3,2015-16,play
3,Oklahoma City Thunder,18,11,7,48,103.2,34.4,78.7,7.7,5.4,14.8,11.2,13.7,40.8,2015-16,play
4,Toronto Raptors,20,10,10,48.8,105.6,29.6,77.3,7.5,3.7,15,12.1,11.4,39.1,2015-16,play
5,Miami Heat,14,7,7,49.1,98.2,35.1,80.5,5.4,5.9,14.6,11.1,7.6,40.9,2015-16,play
6,San Antonio Spurs,10,6,4,48,99.5,31.6,71.7,9.1,7,12.4,12.7,13.1,39,2015-16,play
7,Portland Trail Blazers,11,5,6,48.5,108.7,34.7,75.5,6.2,3.9,14.1,13.7,11.8,43.1,2015-16,play
8,Atlanta Hawks,10,4,6,48.5,101.6,35.4,75,7.5,7.6,16.5,13.6,11.6,36,2015-16,play
9,Charlotte Hornets,7,3,4,48,106.5,29.7,75.9,5.7,3.3,9.7,13.6,9.4,43.4,2015-16,play
9,Indiana Pacers,7,3,4,48,99,30.1,67.2,7.6,5.6,16.9,16,9.6,37.1,2015-16,play
11,Boston Celtics,6,2,4,48.8,97.7,35.3,80.6,6.3,6.5,14.3,11.5,15.2,44.7,2015-16,play
11,LA Clippers,6,2,4,48,101.8,34.8,71.3,8.5,4.7,10.3,13.7,13.7,36.7,2015-16,play
13,Houston Rockets,5,1,4,48,110.1,33,77.1,8.4,4.2,23.6,11.4,19,43.2,2015-16,play
13,Dallas Mavericks,5,1,4,48,117.7,25.8,65.5,6,2.4,16.6,16.6,17.4,42,2015-16,play
15,Memphis Grizzlies,4,0,4,48,111.9,27.3,77.3,7.8,4,19.3,9.5,14.5,37.5,2015-16,play
15,Detroit Pistons,4,0,4,48,115.8,30.8,75.5,5.3,3.3,16.8,13,10.5,33.5,2015-16,play
1,Golden State Warriors,21,16,5,48.7,97.4,34,75.3,8,5.8,15.9,11.8,11.9,41.9,2014-15,play
2,Cleveland Cavaliers,20,14,6,48.8,100.3,34.9,77.5,6.3,6.4,14.1,13.8,10.7,39.7,2014-15,play
3,Houston Rockets,17,9,8,48,106.9,34.8,74.4,8.4,5.5,19.6,14.4,19,48.8,2014-15,play
4,Atlanta Hawks,16,8,8,48.6,101,33.9,74.7,8.5,4.9,14,12.9,9.6,39,2014-15,play
5,Los Angeles Clippers,14,7,7,48.4,105.3,35,75,8.6,5.9,16,14.2,14,45,2014-15,play
6,Washington Wizards,10,6,4,48.5,98.4,35.6,77.2,7.1,5.3,15.9,13.4,11.7,44.6,2014-15,play
6,Memphis Grizzlies,11,6,5,48,102,32.9,77.2,8.6,4.1,10.9,10.7,16.5,35.5,2014-15,play
6,Chicago Bulls,12,6,6,48.8,98.1,33.8,74.3,7.2,6.6,16.8,15.1,9.7,36.7,2014-15,play
9,San Antonio Spurs,7,3,4,48.7,104.4,34.7,78.6,6.1,4.7,13.6,11,16.4,42.6,2014-15,play
10,Brooklyn Nets,6,2,4,48.8,103.6,35,77.8,7.5,3.3,18.5,13,16.7,44,2014-15,play
10,Milwaukee Bucks,6,2,4,49.7,101,31.5,73.5,10.8,6.7,18.3,14.8,11.8,38.7,2014-15,play
12,Portland Trail Blazers,5,1,4,48,106.1,34.2,78.1,3.4,5.2,14,13.2,9,45.2,2014-15,play
12,Dallas Mavericks,5,1,4,48,108.6,33.8,75.1,7,4.6,17,16.6,20.4,56.4,2014-15,play
14,New Orleans Pelicans,4,0,4,49.3,111.6,31.3,69.1,7.5,5.8,14.3,16.3,22.5,42.5,2014-15,play
14,Boston Celtics,4,0,4,48,110.2,30.8,71.9,5.3,3.8,17,16.3,6.8,36.5,2014-15,play
14,Toronto Raptors,4,0,4,49.3,112.5,29.8,73,7.5,2.3,13.8,11.8,18.3,44,2014-15,play
1,San Antonio Spurs,23,16,7,48.2,101.1,32.6,77.2,8.1,3.5,13.2,11.5,11,38.3,2013-14,play
2,Miami Heat,20,13,7,48,108.7,28.1,75.3,7.4,3.9,13.1,11.9,8.8,37.6,2013-14,play
3,Oklahoma City Thunder,19,10,9,49.3,105.5,34.1,74.2,6.3,6.2,18.2,13.2,11,46,2013-14,play
3,Indiana Pacers,19,10,9,48,102.1,31.3,77,7.1,4.2,15.6,10.9,10.8,33.4,2013-14,play
5,Los Angeles Clippers,13,6,7,48,108.6,28.4,70.4,9.4,4.4,14.2,13.3,15.8,43.5,2013-14,play
5,Washington Wizards,11,6,5,48.5,98.2,33.2,79.7,7.5,5.6,13.5,11.3,7.8,33.3,2013-14,play
7,Brooklyn Nets,12,5,7,48,109.1,27.8,77,6.9,2.8,12.8,9.6,8.6,38.2,2013-14,play
7,Portland Trail Blazers,11,5,6,49.4,110.9,32.5,70.6,5.9,6,15.6,18,14.5,48.5,2013-14,play
9,Golden State Warriors,7,3,4,48,111.7,29.6,72.1,7,4.6,19.7,12.1,17.6,40.3,2013-14,play
9,Memphis Grizzlies,7,3,4,50.9,105.7,29.9,69,9,2.4,13.4,12.1,18.1,38.6,2013-14,play
9,Dallas Mavericks,7,3,4,48,110.2,29,76.6,6.6,4.1,14,10.4,13.4,45.4,2013-14,play
9,Toronto Raptors,7,3,4,48,108.3,31.6,77,5.6,3,15,11,9.9,42.9,2013-14,play
9,Atlanta Hawks,7,3,4,48,101.6,30.1,76.2,6.6,4.6,17.4,10.7,9.7,37.7,2013-14,play
14,Houston Rockets,6,2,4,50.5,111.8,32.5,72.8,6,5,17.8,16,14,39,2013-14,play
15,Chicago Bulls,5,1,4,49,104.8,29.6,72.2,5,4.4,17.4,11.6,13.6,34.4,2013-14,play
16,Charlotte Bobcats,4,0,4,48,109.8,31.5,85.7,4.3,4.5,19.8,11.5,9.3,38.5,2013-14,play
1,Miami Heat,23,16,7,48.4,99.8,28.4,71.1,8.3,5.4,13.9,13.9,8.8,39.3,2012-13,play
2,San Antonio Spurs,21,15,6,49.4,98.8,32.9,73.8,7.9,5,14.4,13.7,8.7,38.7,2012-13,play
3,Indiana Pacers,19,11,8,48.3,101.6,32.9,76.8,5.4,4.5,17.2,12.8,8.9,35.4,2012-13,play
4,Memphis Grizzlies,15,8,7,49,101.4,30,77.5,7.3,4.6,12.3,10.2,11.6,40.9,2012-13,play
5,Golden State Warriors,12,6,6,49.3,103.4,34.6,75,6.4,4.9,18.7,13.8,12.5,43,2012-13,play
5,New York Knicks,12,6,6,48.4,95.6,28.8,76.5,8.8,4.3,12.8,12.7,9.3,33.7,2012-13,play
7,Chicago Bulls,12,5,7,49.3,106.8,29,74.5,6.4,4.6,17.8,10.8,13,41.7,2012-13,play
7,Oklahoma City Thunder,11,5,6,48.5,100.2,33.1,76,6,7,16.3,13.4,11.6,39.3,2012-13,play
9,Brooklyn Nets,7,3,4,50.1,102.3,30.4,74,6.3,5.6,13.9,13.6,8.6,41.4,2012-13,play
10,Atlanta Hawks,6,2,4,48,100.1,30,70,7.3,3.8,11,12.5,7.5,40.3,2012-13,play
10,Houston Rockets,6,2,4,48,109.2,32.7,77.2,5.8,5.5,19.8,14.5,14.7,37,2012-13,play
10,Denver Nuggets,6,2,4,48,107.7,26.8,72.9,9,2.8,17.7,15.5,14,41.3,2012-13,play
10,Boston Celtics,6,2,4,48.8,96.9,33.8,76.3,5.5,3,18.7,10.3,8,31.3,2012-13,play
10,Los Angeles Clippers,6,2,4,48,109.7,28.3,73.3,5.2,5.7,13.7,16.7,12.2,44.3,2012-13,play
15,Milwaukee Bucks,4,0,4,48,108.6,26,70.7,10,2.5,16.5,19,12.3,46,2012-13,play
15,Los Angeles Lakers,4,0,4,48,111,31.5,78.3,5.8,5.3,18.3,10.5,18,42.5,2012-13,play
1,Miami Heat,23,16,7,48.4,98.5,30.3,74,7.3,5,13.3,12.8,10.3,38.3,2011-12,play
2,Oklahoma City Thunder,20,13,7,48,104.3,30.5,74.7,8.7,6.9,13.9,12.6,8.8,40.5,2011-12,play
3,Boston Celtics,20,11,9,48.8,97.1,31.9,75.1,8.2,4.9,13.8,11.3,12.3,38.9,2011-12,play
4,San Antonio Spurs,14,10,4,48,101.6,32,74.8,6.5,4.6,17.4,11.5,14.6,37,2011-12,play
5,Philadelphia 76ers,13,7,6,48,94.7,31,76.8,7.6,5.3,12.8,11.1,11.8,32.6,2011-12,play
6,Indiana Pacers,11,6,5,48.5,98.8,31.6,75.2,6.9,5.5,14.7,12.3,8.5,36.5,2011-12,play
7,Los Angeles Lakers,12,5,7,48,106.5,30.7,69.7,5.8,7.8,15.3,15,19.6,47.2,2011-12,play
8,Los Angeles Clippers,11,4,7,48.5,103.5,28.1,71,9.5,6.5,14.5,14,11.1,42.7,2011-12,play
9,Memphis Grizzlies,7,3,4,48.7,99.3,29.3,75.9,7.1,4.9,16.7,10.6,11.7,36.6,2011-12,play
9,Denver Nuggets,7,3,4,48,103.9,32.3,66.7,7,6.9,13.7,19.6,11,44,2011-12,play
11,Chicago Bulls,6,2,4,48,96.5,35.3,78.2,5.2,6.7,17.8,10.7,17.7,31.3,2011-12,play
11,Atlanta Hawks,6,2,4,48.8,95,32.5,82.3,5.5,3.3,16,9.2,14,34,2011-12,play
13,Orlando Magic,5,1,4,49,103.1,28.6,68.4,6,4.4,19,18.2,13.8,43.2,2011-12,play
13,New York Knicks,5,1,4,48,108.2,28,74.1,6,2.2,22.6,13.2,13.8,36,2011-12,play
15,Dallas Mavericks,4,0,4,48,107.8,30,80.5,8,3.5,16.5,6.5,13.5,35,2011-12,play
15,Utah Jazz,4,0,4,48,108.9,32.5,80.7,6.5,6.8,19,10.8,20.8,50,2011-12,play
1,Dallas Mavericks,21,16,5,48.2,103.4,28.7,71.7,7.1,4.1,14.2,11.8,12.8,41.8,2010-11,play
2,Miami Heat,21,14,7,48.5,100.3,30.9,75.4,7.3,6,15.9,12.6,13.6,34.2,2010-11,play
3,Chicago Bulls,16,9,7,48.3,98.2,30.2,76.1,7.3,6.6,16.6,10.7,11.6,37,2010-11,play
3,Oklahoma City Thunder,17,9,8,49.5,103.3,32.9,74.4,6.8,7.6,16,14.6,10.4,40.5,2010-11,play
5,Memphis Grizzlies,13,7,6,49.9,104,30.6,72.2,8,6,16.2,13.2,15.7,40.6,2010-11,play
6,Atlanta Hawks,12,6,6,48,102.5,28.2,70.6,6.3,5,13.8,13.8,11.2,39.8,2010-11,play
7,Boston Celtics,9,5,4,48.6,100.5,30.1,72.1,7.3,4.2,19.2,13.4,8.3,35.3,2010-11,play
8,Los Angeles Lakers,10,4,6,48,106,28.3,78.8,6.9,5.1,13.9,8.4,10.6,35.8,2010-11,play
9,New Orleans Hornets,6,2,4,48,110.8,25.8,67.7,7.2,3,13.5,15.3,8.3,42.7,2010-11,play
9,Orlando Magic,6,2,4,48,96.6,30.5,76.6,6.5,4,14.2,10,8.3,30.7,2010-11,play
9,Portland Trail Blazers,6,2,4,48,109.8,28.5,71.5,5.7,5.2,11.5,13,7.3,32.3,2010-11,play
9,San Antonio Spurs,6,2,4,48.8,103.1,31.5,76.8,7.3,5.8,13.8,14.5,12.2,45.3,2010-11,play
13,Indiana Pacers,5,1,4,48,103.3,25.4,63.2,8.2,5.6,19.6,15.8,11.2,34.4,2010-11,play
13,Denver Nuggets,5,1,4,48,106.3,30.6,70.8,6.6,3.6,12,15.6,11.2,30.4,2010-11,play
13,Philadelphia 76ers,5,1,4,48,107.7,30,69.1,6.4,3.6,11.8,15.8,9.8,32,2010-11,play
16,New York Knicks,4,0,4,48,104.2,26,69.3,6.5,6.8,17.3,15,12.3,34,2010-11,play
1,Los Angeles Lakers,23,16,7,48,105.1,30.1,72.4,6.7,6.2,13.3,12,11.9,38.4,2009-10,play
2,Boston Celtics,24,15,9,48.2,99.3,30.3,74.6,8,4.6,16,12.3,8.3,37.3,2009-10,play
3,Phoenix Suns,16,10,6,48,110,29.4,72.6,5.9,4.1,15,14.1,10.8,39.8,2009-10,play
3,Orlando Magic,14,10,4,48.4,97.5,31.1,77.3,6.4,5.5,14.7,10.9,10,32.6,2009-10,play
5,Cleveland Cavaliers,11,6,5,48,103.7,31.1,75.7,6.1,6.6,15.7,15.8,14.4,40.2,2009-10,play
6,Atlanta Hawks,11,4,7,48,108.3,26.9,72.4,6.4,5.1,15.6,13.9,9.2,38.5,2009-10,play
6,San Antonio Spurs,10,4,6,48,106.8,31,73.6,6.8,4.3,14.8,11.3,14,37.4,2009-10,play
6,Utah Jazz,10,4,6,48,114,28.7,71,5.9,4.4,15.8,12,12.8,49,2009-10,play
9,Milwaukee Bucks,7,3,4,48,106.7,28,66.9,6.3,3.3,13.9,13.3,11.9,37.1,2009-10,play
10,Denver Nuggets,6,2,4,48,112.3,29.3,76.9,8.2,4.7,16.8,12.2,12.8,44.3,2009-10,play
10,Oklahoma City Thunder,6,2,4,48,102.3,31.7,73.6,6.5,6.2,13,14.5,5.7,40.7,2009-10,play
10,Dallas Mavericks,6,2,4,48,103.4,31.8,74,7.5,5,15,14.5,12.7,41,2009-10,play
10,Portland Trail Blazers,6,2,4,48,113.4,26.5,71,6,4.3,11,17.2,10.5,40,2009-10,play
14,Chicago Bulls,5,1,4,48,112.7,30.2,77,5.8,3,8.6,10,15.2,38,2009-10,play
14,Miami Heat,5,1,4,48,103.7,28.2,79.2,7,5,23.2,7.6,17.8,36,2009-10,play
16,Charlotte Bobcats,4,0,4,48,109.6,28,75.2,5.5,4.5,14.5,8.5,11,26.5,2009-10,play
1,Los Angeles Lakers,23,16,7,48.4,100.7,30.9,73.8,7.9,6.3,13.8,13.8,8.7,38.4,2008-09,play
2,Orlando Magic,24,13,11,48.6,101.9,30,77.2,6.8,4.8,13.9,9.9,11.6,36.6,2008-09,play
3,Cleveland Cavaliers,14,10,4,48.4,100.4,30.2,78.3,6.6,4.6,14.4,11.4,10.6,30.4,2008-09,play
3,Denver Nuggets,16,10,6,48,104.5,29.6,74.7,9.2,5.2,13.1,13,10.4,36.6,2008-09,play
5,Boston Celtics,14,7,7,50.5,102.9,32.4,77.8,7.8,4.9,15.5,12.9,12.9,38.4,2008-09,play
5,Houston Rockets,13,7,6,48,104.6,30.8,73.7,6.2,3.2,16.2,13.3,10.2,38.8,2008-09,play
7,Dallas Mavericks,10,5,5,48,111.4,31.5,77.4,6.5,3.8,15.2,11.5,13.9,41.6,2008-09,play
8,Atlanta Hawks,11,4,7,48,107.9,24.2,69.8,6.9,3.4,15.5,12.5,8.4,30,2008-09,play
9,Miami Heat,7,3,4,48,101.7,29.9,73.1,6.1,5.7,15.4,14.4,16,37.7,2008-09,play
9,Chicago Bulls,7,3,4,53,107.6,35.1,73.2,6.7,8.1,15.7,17.6,11.7,45.1,2008-09,play
11,Philadelphia 76ers,6,2,4,48,107.2,28.8,74.2,6.2,3,17.3,12.7,8.3,43.3,2008-09,play
11,Portland Trail Blazers,6,2,4,48,106.3,26.5,76.1,6,7.5,12.5,14,5.3,33,2008-09,play
13,New Orleans Hornets,5,1,4,48,117.8,27.8,73.5,6.6,2.6,25.6,11.8,12.8,37.6,2008-09,play
13,San Antonio Spurs,5,1,4,48,110.6,28.8,76.6,5.6,3,13.2,13,9,27.6,2008-09,play
13,Utah Jazz,5,1,4,48,111.1,29.4,73.5,9.8,3.4,18,15,11.4,43.6,2008-09,play
16,Detroit Pistons,4,0,4,48,110.5,26,73.2,4.3,3,14.8,10.3,11.3,30,2008-09,play
1,Boston Celtics,26,16,10,48,99.8,28.9,74.6,7.6,4.3,14.1,12.2,8.5,29.2,2007-08,play
2,Los Angeles Lakers,21,14,7,48.2,104.8,30.8,71.1,7.2,5.3,15.3,13.2,10.9,42.5,2007-08,play
3,Detroit Pistons,17,10,7,48,102.1,25.6,68.7,7.4,5.8,15.8,13.6,11.1,35.4,2007-08,play
4,San Antonio Spurs,17,9,8,48.6,102.6,32.8,77.6,5.3,4.1,12.8,12.2,9.4,42.1,2007-08,play
5,New Orleans Hornets,12,7,5,48,104.8,31.8,73.2,7.3,5.1,8.3,11.9,9.3,30.5,2007-08,play
5,Cleveland Cavaliers,13,7,6,48,99.5,29.2,75.2,6,4.8,15.5,10.1,9.1,33.5,2007-08,play
7,Utah Jazz,12,6,6,48.4,106.8,29.8,73.7,6.5,5.8,15,13.8,9.9,42.5,2007-08,play
8,Orlando Magic,10,5,5,48,105.1,31.2,75,4.8,4.9,19.9,13.1,11.3,31,2007-08,play
9,Atlanta Hawks,7,3,4,48,111.6,26.7,67.3,4.3,5.7,20.3,16.7,12.1,41.1,2007-08,play
10,Houston Rockets,6,2,4,48,104.9,29,69.3,6.8,5.5,12.8,15.2,8,38.7,2007-08,play
10,Philadelphia 76ers,6,2,4,48,104.9,24.7,67,8.8,3.7,17.8,14.8,8.8,34.7,2007-08,play
10,Washington Wizards,6,2,4,48,105.3,27.7,67.8,7.2,4.8,14.3,15.5,10.3,33,2007-08,play
13,Phoenix Suns,5,1,4,50,103.6,32.2,76.3,5.2,7,14.8,12.6,10.2,48.4,2007-08,play
13,Toronto Raptors,5,1,4,48,114.3,29.4,69.7,7.2,2.4,11.2,13.8,10.4,42.8,2007-08,play
13,Dallas Mavericks,5,1,4,48,114.9,30.8,75.5,4,4,13.8,12.8,16.6,37.2,2007-08,play
16,Denver Nuggets,4,0,4,48,113.2,32.3,74.1,6.3,4.8,19.3,10.8,9,48.5,2007-08,play
1,San Antonio Spurs,20,16,4,48,100,30.1,72.4,7.1,5.5,15.7,13.7,10.6,39.2,2006-07,play
2,Cleveland Cavaliers,20,12,8,48.5,97.2,31.4,76.6,7.2,3.5,12.9,11,8.6,33.2,2006-07,play
3,Detroit Pistons,16,10,6,48.6,98.6,28.8,70.9,7.1,4.7,15.1,13.1,9.4,32.9,2006-07,play
4,Utah Jazz,17,9,8,48.3,104,31.2,76.1,7.4,4.8,17.3,9.9,10.2,35.8,2006-07,play
5,Phoenix Suns,11,6,5,48,103.3,31.2,71.6,6.4,5.2,14.5,12.3,8.3,41.1,2006-07,play
5,New Jersey Nets,12,6,6,48,97.8,31.3,76.4,6.3,2.9,16.2,9.6,10,26.8,2006-07,play
5,Chicago Bulls,10,6,4,48,99.6,30.3,73,7,4.2,16.4,11.1,5.6,30.2,2006-07,play
8,Golden State Warriors,11,5,6,48.5,105.4,26.8,63.9,10.3,5.5,17.4,17.6,13.7,42.2,2006-07,play
9,Houston Rockets,7,3,4,48,99.6,31.7,75,7,4.1,13.4,12.7,7.7,37.4,2006-07,play
10,Dallas Mavericks,6,2,4,48,110.4,30.3,71.9,8.3,5,21.2,15.2,25.5,39.3,2006-07,play
10,Toronto Raptors,6,2,4,48,105,30.5,76.3,7.7,4,14.5,8.7,14.5,36.7,2006-07,play
12,Denver Nuggets,5,1,4,48,104.3,30.4,71.7,5.6,4.2,18.2,12.8,7.8,42,2006-07,play
12,Los Angeles Lakers,5,1,4,48,110.4,29.2,74.9,5.8,4,17.6,13.2,19.2,47.2,2006-07,play
14,Washington Wizards,4,0,4,48,110.4,26.3,67.7,5.5,3,11.5,16.5,14,35.5,2006-07,play
14,Orlando Magic,4,0,4,48,112.8,29,71.2,4.3,3.5,16,14,13.3,27.5,2006-07,play
14,Miami Heat,4,0,4,48,105.6,28.3,74.3,6.3,5.3,20,12.3,14,28.5,2006-07,play
1,Miami Heat,23,16,7,48.2,99.4,32.5,76.6,7,4.6,17.7,11.4,13.4,32.1,2005-06,play
2,Dallas Mavericks,23,14,9,48.9,103.5,30.5,77.7,6.6,4.3,13.5,9.7,12.3,43.6,2005-06,play
3,Detroit Pistons,18,10,8,48,101.8,27.4,72.6,6.4,4.1,11.6,11.8,11.4,40.4,2005-06,play
3,Phoenix Suns,20,10,10,49,109.5,29,69.7,5.7,4.4,12.7,15.5,7.4,47.7,2005-06,play
5,San Antonio Spurs,13,7,6,49.2,108.8,29,71.1,6.5,5.5,14.5,12.8,10,40,2005-06,play
5,Los Angeles Clippers,12,7,5,48.8,104.4,34.6,75.9,5,5.9,16.3,13.3,12.8,41.5,2005-06,play
5,Cleveland Cavaliers,13,7,6,48.8,104.4,29.8,72.1,6.5,4.2,15.9,14.6,11.3,32.8,2005-06,play
8,New Jersey Nets,11,5,6,48,104.9,28.6,77.6,6.9,2.5,14.3,9.8,9.8,35.1,2005-06,play
9,Los Angeles Lakers,7,3,4,49.4,111.5,31.6,84.7,6.4,3.1,16.9,7.6,12.6,40.9,2005-06,play
10,Chicago Bulls,6,2,4,48,105.2,30.5,73.2,5.7,3.8,17.3,12.7,8.7,44.7,2005-06,play
10,Sacramento Kings,6,2,4,48.8,116.3,26,75,7.5,2.5,14.7,12.2,9.8,42.3,2005-06,play
10,Washington Wizards,6,2,4,49.7,104.9,27.7,68.3,6.8,5.5,13.2,17.7,14.5,47.3,2005-06,play
10,Indiana Pacers,6,2,4,48,105.6,29,73.4,6,4.5,19,13,14.2,36.7,2005-06,play
14,Milwaukee Bucks,5,1,4,48,119.4,26.4,70.6,6,2.4,17.8,15.8,17.8,26,2005-06,play
14,Denver Nuggets,5,1,4,48,99.9,27.8,76.8,6.8,4.2,13.6,12.6,7.2,39.2,2005-06,play
16,Memphis Grizzlies,4,0,4,49.3,111.8,26,65.4,4.8,3.8,18,16.3,14.5,31,2005-06,play
1,San Antonio Spurs,23,16,7,48.4,102.4,29.7,71.4,5.6,5.8,16.2,13.5,11.3,42.1,2004-05,play
2,Detroit Pistons,25,15,10,48.4,97.1,29.9,74.8,7.3,6.1,12.8,11,9.5,35.5,2004-05,play
3,Miami Heat,15,11,4,48.7,99.6,33.3,73.1,5.5,5.7,16.5,15.3,11.1,35.6,2004-05,play
4,Phoenix Suns,15,9,6,48.3,110.4,31.1,68.4,6.1,6.3,15.7,15.4,12.1,49.3,2004-05,play
5,Dallas Mavericks,13,6,7,48.4,111.9,29.1,70.1,7.2,5.1,14.4,14.8,14.8,45.2,2004-05,play
5,Seattle SuperSonics,11,6,5,48,108.1,27.6,69.2,6.5,4.5,15.1,16.9,10.5,41.3,2004-05,play
5,Indiana Pacers,13,6,7,48.4,98.7,29.2,71.6,8.1,5.9,17.5,11.8,10.5,35.8,2004-05,play
8,Washington Wizards,10,4,6,48,105.2,29.9,70.5,8.2,5.8,15.2,15.6,11.3,37,2004-05,play
9,Houston Rockets,7,3,4,48,112,27,66.8,7.3,5.9,18.4,15.4,12.4,29.4,2004-05,play
9,Boston Celtics,7,3,4,48.7,97.9,29.1,73.6,8.4,6.4,17.4,9.7,8,23.7,2004-05,play
11,Chicago Bulls,6,2,4,48,104.7,30.3,70.3,6.3,5,20.2,14.7,13.8,38,2004-05,play
12,Philadelphia 76ers,5,1,4,49,106,25.2,69.6,8.6,4,12.8,12.4,10.8,35.6,2004-05,play
12,Sacramento Kings,5,1,4,48,113.8,23,63.9,6.2,4,11.8,14,9.8,42,2004-05,play
12,Denver Nuggets,5,1,4,49,104.9,29.2,73.4,6.4,5.8,14,10.8,11.4,38,2004-05,play
15,New Jersey Nets,4,0,4,50.5,111.5,29.8,77.3,7.5,1.3,15.3,16.5,14.5,40.5,2004-05,play
15,Memphis Grizzlies,4,0,4,48,121.6,27.8,72.5,5.8,4.5,12.3,16,19.5,40.5,2004-05,play
1,Detroit Pistons,23,16,7,48.9,89.4,32,74.6,8,7.1,14.7,10.7,11.7,33.2,2003-04,play
2,Los Angeles Lakers,22,13,9,48.5,97.1,30,72.2,7.3,4.2,13,12.7,10.1,32.4,2003-04,play
3,Indiana Pacers,16,10,6,48,91.4,31.3,74.4,8.7,6.3,12.8,9.9,12.4,29.4,2003-04,play
3,Minnesota Timberwolves,18,10,8,48.3,99.2,32.3,73.3,6.6,5.2,16.6,12.7,10.4,34.1,2003-04,play
5,Sacramento Kings,12,7,5,48.4,98.2,33.1,69.3,9.4,3.7,14.1,18.1,11.8,35.8,2003-04,play
5,New Jersey Nets,11,7,4,49.4,90.8,32.1,72,8.6,5.4,18.9,14,8.1,33.5,2003-04,play
7,Miami Heat,13,6,7,48,94.5,30.5,72.8,7.5,4.1,13.5,13.2,6.9,31.1,2003-04,play
7,San Antonio Spurs,10,6,4,48,97.2,29.7,77.1,7.7,4.2,15.3,10.4,8.9,39.4,2003-04,play
9,New Orleans Hornets,7,3,4,48,93.3,30,71.4,6.1,4.6,17.3,12,13.1,33.7,2003-04,play
10,Dallas Mavericks,5,1,4,48,99.5,31.8,71.6,9.2,6.6,14.2,13.8,10.8,44,2003-04,play
10,Milwaukee Bucks,5,1,4,48,106.6,28,68.3,8.2,4.2,20.4,13,16.4,43.6,2003-04,play
10,Houston Rockets,5,1,4,49,98.3,34.8,77.7,5.2,3.6,17.4,9.8,11.8,37.2,2003-04,play
10,Denver Nuggets,5,1,4,48,100.7,28.8,75.8,7.8,2.8,16.8,10.8,11.8,28,2003-04,play
14,Memphis Grizzlies,4,0,4,48,111,25,68.5,9.5,5,17,13.3,7,41,2003-04,play
14,New York Knicks,4,0,4,48,100.8,26.3,73.9,9.3,4,18,12.3,19.5,43.5,2003-04,play
14,Boston Celtics,4,0,4,48,106.6,31.8,72.2,6.5,5,21.8,17.3,11.3,40.5,2003-04,play
1,San Antonio Spurs,24,16,8,48.2,94.7,33.4,73.4,7.8,6.9,15.2,12.7,12.1,36,2002-03,play
2,New Jersey Nets,20,14,6,48.8,96.3,31.5,76.7,7.5,4.3,16.3,11.1,7.8,35.2,2002-03,play
3,Dallas Mavericks,20,10,10,48.5,108.4,30.9,70.4,6.1,5.2,15.4,14.6,12.8,44.2,2002-03,play
4,Detroit Pistons,17,8,9,48.6,98.7,28.3,70.6,8,5.9,14.4,13.3,13.4,36,2002-03,play
5,Sacramento Kings,12,7,5,48.8,106.1,31.5,70.7,7.5,4.8,14.8,16.3,13,41.5,2002-03,play
6,Los Angeles Lakers,12,6,6,48.4,104.6,30.9,76.2,7,5.3,16.4,10.9,10,39.2,2002-03,play
6,Philadelphia 76ers,12,6,6,48.8,101.9,29.8,72.3,7.2,2.5,18.3,13.6,9.9,32.7,2002-03,play
8,Boston Celtics,10,4,6,49.5,99.1,31.9,73,8.6,4.3,15.5,13,14.6,32.8,2002-03,play
9,Orlando Magic,7,3,4,48,103.7,28.3,69.2,5.3,4,19.1,15.7,8.3,27.4,2002-03,play
9,Portland Trail Blazers,7,3,4,48,110.9,29.7,72.7,6.3,3,17.4,13.7,14.3,38.6,2002-03,play
11,Minnesota Timberwolves,6,2,4,48.8,108.2,33.3,70.9,6.8,3.5,18,17.2,9.3,42.3,2002-03,play
11,Phoenix Suns,6,2,4,48.8,94.7,29.7,67.4,9.5,5.8,17.8,16,8.8,34.7,2002-03,play
11,Indiana Pacers,6,2,4,48.8,104.2,33.7,79.2,7,5.8,14.8,10.2,10.3,30.3,2002-03,play
11,New Orleans Hornets,6,2,4,48,104.8,26.8,68.5,7.3,5,17.3,14.2,13.8,36,2002-03,play
11,Milwaukee Bucks,6,2,4,48.8,108.2,27,65.3,7.2,3.8,15,16.8,11.8,44.3,2002-03,play
16,Utah Jazz,5,1,4,48,112.6,25.2,65.3,7.2,5.6,17.6,16.8,15.2,40.4,2002-03,play
1,Los Angeles Lakers,19,15,4,48.3,99.1,33.2,72.9,6.8,5.8,15.2,13.3,8.5,37.2,2001-02,play
2,New Jersey Nets,20,11,9,48.5,100.3,30.4,72.3,7.9,5.5,15.9,12.2,10.9,36.1,2001-02,play
3,Sacramento Kings,16,10,6,48.6,100.6,32.6,69.6,7.5,4.7,16.8,16.7,11.9,42,2001-02,play
4,Boston Celtics,16,9,7,48,95.6,32.7,75.1,8.9,4.8,13,11.3,12.6,29.8,2001-02,play
5,Dallas Mavericks,8,4,4,48.6,109.3,31,67.6,6.3,4.6,14.1,19.3,17.5,50,2001-02,play
5,Charlotte Hornets,9,4,5,49.1,100.4,31.6,73.4,8.9,7.3,15.2,14.1,14.1,36.2,2001-02,play
5,Detroit Pistons,10,4,6,48,93,28.1,72.1,7.3,5.6,16.3,12.4,11.1,33,2001-02,play
5,San Antonio Spurs,10,4,6,48,99.5,29.9,72.4,6.1,6.5,11,14.3,8.1,40.8,2001-02,play
9,Indiana Pacers,5,2,3,50,93.9,33.8,75.8,8.2,4,17.2,15,15.8,40.8,2001-02,play
9,Toronto Raptors,5,2,3,48,99.3,30,74.3,8,5.2,16.8,12.6,18,30.4,2001-02,play
9,Philadelphia 76ers,5,2,3,48,109.2,28.6,76.5,9,4,13.6,14.2,7.8,32,2001-02,play
9,Seattle SuperSonics,5,2,3,48,111.1,28.8,72.7,4,4.8,10.8,12,12,43.6,2001-02,play
13,Utah Jazz,4,1,3,48,97.1,28,69.1,9,7,17.8,11,13,32.5,2001-02,play
13,Orlando Magic,4,1,3,50.5,103.4,30.5,65.9,5.5,3.8,14,16.5,12.8,38,2001-02,play
15,Portland Trail Blazers,3,0,3,48,104.1,32,77.4,8.3,3,18.3,13.7,13,41.3,2001-02,play
15,Minnesota Timberwolves,3,0,3,48,113.2,35,80.8,5.7,2.7,17,11,14.3,30.7,2001-02,play
1,Los Angeles Lakers,16,15,1,48.3,95.3,33.9,74.1,9.2,5.8,14.4,13.4,10.4,35.5,2000-01,play
2,Philadelphia 76ers,23,12,11,48.2,103.3,29.7,71.5,8,4.9,12.5,12.9,12.7,31,2000-01,play
3,Milwaukee Bucks,18,10,8,48.3,102.4,31.9,68.8,5.9,6.8,14.7,16.2,11.9,37.2,2000-01,play
4,San Antonio Spurs,13,7,6,48,99.1,32.9,70.7,6.1,6,14.5,15.2,12.6,36.9,2000-01,play
5,Charlotte Hornets,10,6,4,48,97.7,29.9,73.8,8.6,4.6,11.5,11.6,10.7,26.2,2000-01,play
5,Toronto Raptors,12,6,6,48,102.3,26.8,71.4,7.8,6.1,13.7,13.1,15.1,33,2000-01,play
7,Dallas Mavericks,10,4,6,48,105.9,28.8,69.7,5.9,5.5,13.1,12.7,8.8,43,2000-01,play
8,Sacramento Kings,8,3,5,48,98.6,32.5,69.9,8.1,5.3,17.9,13.5,13.8,39.5,2000-01,play
9,Utah Jazz,5,2,3,48,104.5,29.4,75,5.2,5.2,14.4,12,12.8,29.6,2000-01,play
9,New York Knicks,5,2,3,48,99.5,28.6,70.1,6.2,3.8,15.6,13.8,9.4,28.4,2000-01,play
11,Phoenix Suns,4,1,3,48,98,30.8,65.8,9.8,5.8,14.5,20.3,13.8,37.5,2000-01,play
11,Minnesota Timberwolves,4,1,3,48,98.8,31.5,75.9,7.5,5.8,12,13.8,10.8,37,2000-01,play
11,Indiana Pacers,4,1,3,48,104.8,28,65.9,4.8,4.5,12,17.8,17,36.5,2000-01,play
11,Orlando Magic,4,1,3,49.3,110.2,30.3,63.4,8,6.3,14.3,19.8,22,40.5,2000-01,play
15,Portland Trail Blazers,3,0,3,48,108.8,28,65.6,6.3,4.7,17.3,19,14.3,50,2000-01,play
15,Miami Heat,3,0,3,48,110.3,27.7,69.7,5,5,22.3,13.3,19.7,36,2000-01,play
1,Los Angeles Lakers,23,15,8,48.2,104.7,30.1,73.7,6.6,6.1,12.9,13.8,11.2,36.6,1999-00,play
2,Indiana Pacers,23,13,10,48.2,103.3,30.4,73,5.4,4.7,13.8,13.9,13.1,43.4,1999-00,play
3,Portland Trail Blazers,16,10,6,48,99.4,28.4,75,7.4,3.8,12.8,12.2,10.3,29.6,1999-00,play
4,New York Knicks,16,9,7,48.3,97.6,30.4,73.3,6.5,4.1,11.8,11.7,8,29.3,1999-00,play
5,Miami Heat,10,6,4,48.5,92.4,32.9,80.8,7.2,5.1,13.7,9.6,10.7,30.4,1999-00,play
6,Philadelphia 76ers,10,5,5,48.5,105.9,28.9,72.4,6.5,4.5,13.9,13.6,10.5,34.6,1999-00,play
7,Phoenix Suns,9,4,5,48,98.3,31,68.9,8.1,6.2,14.9,15,10.6,36.9,1999-00,play
7,Utah Jazz,10,4,6,48,103.1,30,72.1,6.9,5.4,18.5,15.3,11.7,35.4,1999-00,play
9,Milwaukee Bucks,5,2,3,48,102.3,31.4,70.4,6.6,5.6,13,16.2,7.6,30.4,1999-00,play
9,Sacramento Kings,5,2,3,48,110.6,29.4,62,6.8,3.6,15.2,19.4,12.2,51.6,1999-00,play
9,Seattle SuperSonics,5,2,3,48,104.1,28.6,71.9,8.2,3.4,15.8,13.8,10,34,1999-00,play
12,Minnesota Timberwolves,4,1,3,48,101.7,24.8,73.9,6,4,14.8,11.5,7.5,30,1999-00,play
12,San Antonio Spurs,4,1,3,48,89.3,34,70.8,8.5,7.5,16.3,15,9,39.5,1999-00,play
12,Charlotte Hornets,4,1,3,49.3,103.5,30.5,70.1,8.3,5.8,19.8,13.5,10.5,36,1999-00,play
15,Detroit Pistons,3,0,3,48,98.9,28.3,77.3,6,1.7,16.7,9.3,12.3,32.7,1999-00,play
15,Toronto Raptors,3,0,3,48,99.5,29.7,79.5,9,4.3,15.3,8.7,10.3,34.7,1999-00,play
1,San Antonio Spurs,17,15,2,48,90.4,30.4,71.8,7.3,5.8,14.7,14,7.5,30.6,1998-99,play
2,New York Knicks,20,12,8,48,93.6,29.1,74.9,7.6,3.9,11.3,10.7,5.5,30.8,1998-99,play
3,Indiana Pacers,13,9,4,48.4,99.5,29.8,71.6,6.6,5.2,16.1,12.4,11.7,37.8,1998-99,play
4,Portland Trail Blazers,13,7,6,48,98.5,28.9,73.9,7.7,4.2,14.8,11.2,10.4,32,1998-99,play
5,Utah Jazz,11,5,6,48.9,96.4,31.5,73.5,7.7,4.7,17.5,13.1,9.2,36.7,1998-99,play
6,Philadelphia 76ers,8,3,5,48,98.8,27.5,66.3,10.4,5.1,14.1,12.8,11.8,29.3,1998-99,play
6,Atlanta Hawks,9,3,6,48,97.3,26.9,71.6,8.1,4,17,9.3,13.2,28.2,1998-99,play
6,Los Angeles Lakers,8,3,5,48,103.4,28.3,71.7,6.6,6.4,15.9,11.5,13.5,38.3,1998-99,play
9,Detroit Pistons,5,2,3,48,98.6,24,70.6,7.2,1.8,13,12.6,7.2,31.2,1998-99,play
9,Sacramento Kings,5,2,3,50,99.4,28.6,68.4,10.6,4.4,21.6,16.6,13.4,42,1998-99,play
9,Miami Heat,5,2,3,48,101.4,27.4,71,7.2,4.4,14.8,13.2,7.6,32,1998-99,play
12,Orlando Magic,4,1,3,48,102.1,25,58.1,9,3.8,18.8,18.5,17.8,36,1998-99,play
12,Minnesota Timberwolves,4,1,3,48,99.7,29.3,73.1,6.5,6,15.8,10.5,7.3,35,1998-99,play
12,Houston Rockets,4,1,3,48,104.9,32.5,74.7,7.5,4.5,14.8,12.3,9.8,44.5,1998-99,play
15,Milwaukee Bucks,3,0,3,49.7,111,27,65.3,8.3,5,17.7,20.3,10.7,34,1998-99,play
15,Phoenix Suns,3,0,3,48,109.5,22.7,74.7,10.3,2.3,15.7,8,11.7,42.7,1998-99,play
1,Chicago Bulls,21,15,6,48.5,98.7,27,72.4,9,4.5,12.8,11.7,9.2,35,1997-98,play
2,Utah Jazz,20,13,7,48.5,98.1,30.1,71.1,6.5,4.9,14,12.7,7.2,35.6,1997-98,play
3,Indiana Pacers,16,10,6,48.3,100.9,26,67.4,7.2,4.9,15.5,14.3,10.8,35.3,1997-98,play
4,Los Angeles Lakers,13,7,6,48,108.2,26.7,68.3,7.4,7.8,16.8,16.2,11.6,41.8,1997-98,play
5,Seattle SuperSonics,10,4,6,48,111.3,26.1,64.3,8.7,4.3,15.5,16,13.5,41.8,1997-98,play
5,Charlotte Hornets,9,4,5,48,104,27,69.2,6.4,2.8,15.8,13,11.3,33.6,1997-98,play
5,San Antonio Spurs,9,4,5,48.6,98.5,32.6,74.9,5.7,7,16.8,10.3,8.6,31.8,1997-98,play
5,New York Knicks,10,4,6,48.5,101.2,29.2,77,8.6,2,16.8,9.2,7.7,30,1997-98,play
9,Minnesota Timberwolves,5,2,3,48,107.9,25.8,69.4,7.4,3.6,17,15,15.4,42.8,1997-98,play
9,Houston Rockets,5,2,3,48,100.7,31.2,76.5,7.2,5,16.4,10.8,12.4,37.6,1997-98,play
9,Miami Heat,5,2,3,48,102,28.6,71.9,6.8,3.8,17,14,12.2,34,1997-98,play
12,Phoenix Suns,4,1,3,48,107.8,28.5,73.5,8.5,4,12.3,12.8,12.8,45.5,1997-98,play
12,Portland Trail Blazers,4,1,3,48,112,27.8,74,7,5.3,17.8,11.3,16,53,1997-98,play
12,Cleveland Cavaliers,4,1,3,48,104.1,24.5,74.2,8.5,3,21.3,10.3,10.5,34.5,1997-98,play
12,Atlanta Hawks,4,1,3,48,99.7,29,78.4,7.8,4.8,14.5,9.8,10,37.5,1997-98,play
16,New Jersey Nets,3,0,3,49.7,111.7,27,64.3,7,3.3,20,18,12.3,40,1997-98,play
1,Chicago Bulls,19,15,4,49.3,98.4,28.6,72.5,8.5,4.8,12.8,11.6,7.6,31.5,1996-97,play
2,Utah Jazz,20,13,7,49.9,104.3,30.4,74.2,7.4,4.9,14.9,11.6,9.7,37.7,1996-97,play
3,Houston Rockets,16,9,7,49.7,108.3,29.3,68.8,7.7,4.4,18.3,14.6,11.8,40.8,1996-97,play
4,Miami Heat,17,8,9,49.6,97.1,30.2,71.3,6.7,5.1,17.7,12.5,9.5,36.6,1996-97,play
5,Seattle SuperSonics,12,6,6,50.6,103.7,28.8,69.3,10.2,4.1,16.1,15.6,12.1,38.7,1996-97,play
5,New York Knicks,10,6,4,49.8,98.5,29.8,73.6,8.7,3.5,15.1,13.1,10.5,36.3,1996-97,play
7,Los Angeles Lakers,9,4,5,50.7,103.8,27.7,69.6,6.8,6.1,14.1,13.4,12.3,34.7,1996-97,play
7,Atlanta Hawks,10,4,6,49.5,105.8,29,69.2,4.5,4.3,19.5,14.6,11.1,34.6,1996-97,play
9,Orlando Magic,5,2,3,49.7,105.3,28,67.6,6.4,5.2,14.2,15.8,15.2,36.8,1996-97,play
9,Phoenix Suns,5,2,3,50.6,113.6,30.4,68.5,8.2,5.2,18.6,16.8,10,43.6,1996-97,play
9,Detroit Pistons,5,2,3,49.9,102.7,23.2,69.5,7,2.4,11.8,12.6,8.8,35.2,1996-97,play
12,Portland Trail Blazers,4,1,3,50.4,110,25.3,69.2,5.5,4.3,16,13,10.3,47,1996-97,play
13,Washington Bullets,3,0,3,50.4,111.3,24.3,60.8,4.7,6.3,19,18,10,38.7,1996-97,play
13,Los Angeles Clippers,3,0,3,50.9,118.6,23,67.6,6.7,4.3,15,10.3,15,43.3,1996-97,play
13,Charlotte Hornets,3,0,3,50.1,118.6,24.3,75.3,6.7,3,15.7,11.7,10.7,44.7,1996-97,play
13,Minnesota Timberwolves,3,0,3,49.8,118.7,24.7,69.2,7.7,4,14.7,11.7,14.7,40.7,1996-97,play